6,9,1,0.1
6,9,2,1.3
6,9,3,0.4
6,9,4,0.
6,9,5,0.1
6,9,6,0.4
6,9,7,0.6000000000000001
6,9,8,0.1
6,9,9,0.1
6,9,10,0.
6,9,11,0.1
6,9,12,0.
6,9,13,0.1
6,9,14,0.
6,9,15,0.
6,9,16,0.
6,9,17,0.
6,9,18,0.
6,9,19,0.1
6,9,20,0.1
6,9,21,0.1
6,9,22,0.30000000000000004
6,9,23,1.1
6,9,24,1.7000000000000002
6,9,25,1.2000000000000002
6,9,26,4.1000000000000005
6,9,27,5.7
6,9,28,14.200000000000001
6,9,29,19.1
6,9,30,26.400000000000002
6,9,31,39.800000000000004
6,9,32,35.5
6,9,33,41.2
6,9,34,60.300000000000004
6,9,35,58.1
6,9,36,52.900000000000006
6,9,37,31.1
6,9,38,29.400000000000002
6,9,39,21.200000000000003
6,9,40,15.200000000000001
6,9,41,12.8
6,9,42,10.5
6,9,43,1.8
6,9,44,0.8
6,9,45,0.2
6,9,46,0.1
6,9,47,0.1
6,9,48,0.2
6,9,49,0.7000000000000001
6,9,50,0.30000000000000004
6,9,51,0.4
6,9,52,0.
6,10,1,0.1
6,10,2,1.2000000000000002
6,10,3,0.4
6,10,4,0.
6,10,5,0.1
6,10,6,0.4
6,10,7,0.6000000000000001
6,10,8,0.1
6,10,9,0.1
6,10,10,0.
6,10,11,0.1
6,10,12,0.
6,10,13,0.1
6,10,14,0.
6,10,15,0.
6,10,16,0.
6,10,17,0.
6,10,18,0.
6,10,19,0.1
6,10,20,0.1
6,10,21,0.
6,10,22,0.4
6,10,23,1.4000000000000001
6,10,24,1.8
6,10,25,1.5
6,10,26,5.
6,10,27,7.4
6,10,28,17.400000000000002
6,10,29,24.700000000000003
6,10,30,31.6
6,10,31,46.6
6,10,32,40.2
6,10,33,46.2
6,10,34,64.3
6,10,35,63.800000000000004
6,10,36,58.900000000000006
6,10,37,33.4
6,10,38,33.800000000000004
6,10,39,20.6
6,10,40,16.400000000000002
6,10,41,13.700000000000001
6,10,42,11.8
6,10,43,2.1
6,10,44,1.
6,10,45,0.2
6,10,46,0.1
6,10,47,0.1
6,10,48,0.1
6,10,49,0.5
6,10,50,0.30000000000000004
6,10,51,0.4
6,10,52,0.
6,11,1,0.1
6,11,2,1.
6,11,3,0.4
6,11,4,0.
6,11,5,0.1
6,11,6,0.4
6,11,7,0.5
6,11,8,0.1
6,11,9,0.1
6,11,10,0.
6,11,11,0.1
6,11,12,0.
6,11,13,0.1
6,11,14,0.
6,11,15,0.
6,11,16,0.
6,11,17,0.
6,11,18,0.1
6,11,19,0.2
6,11,20,0.1
6,11,21,0.1
6,11,22,0.6000000000000001
6,11,23,1.8
6,11,24,1.9000000000000001
6,11,25,2.1
6,11,26,6.9
6,11,27,10.4
6,11,28,22.900000000000002
6,11,29,31.200000000000003
6,11,30,38.6
6,11,31,51.900000000000006
6,11,32,44.300000000000004
6,11,33,53.800000000000004
6,11,34,69.10000000000001
6,11,35,67.8
6,11,36,63.6
6,11,37,38.1
6,11,38,41.5
6,11,39,23.
6,11,40,19.200000000000003
6,11,41,15.200000000000001
6,11,42,14.
6,11,43,3.1
6,11,44,1.6
6,11,45,0.30000000000000004
6,11,46,0.1
6,11,47,0.1
6,11,48,0.1
6,11,49,0.4
6,11,50,0.4
6,11,51,0.4
6,11,52,0.
6,12,1,0.1
6,12,2,0.8
6,12,3,0.4
6,12,4,0.1
6,12,5,0.1
6,12,6,0.4
6,12,7,0.5
6,12,8,0.
6,12,9,0.1
6,12,10,0.
6,12,11,0.1
6,12,12,0.
6,12,13,0.1
6,12,14,0.
6,12,15,0.
6,12,16,0.
6,12,17,0.
6,12,18,0.1
6,12,19,0.2
6,12,20,0.2
6,12,21,0.1
6,12,22,0.8
6,12,23,2.4000000000000004
6,12,24,2.2
6,12,25,2.6
6,12,26,9.8
6,12,27,14.100000000000001
6,12,28,31.6
6,12,29,38.5
6,12,30,48.300000000000004
6,12,31,63.400000000000006
6,12,32,52.5
6,12,33,64.5
6,12,34,73.60000000000001
6,12,35,73.9
6,12,36,72.60000000000001
6,12,37,42.900000000000006
6,12,38,46.
6,12,39,26.700000000000003
6,12,40,22.1
6,12,41,16.7
6,12,42,15.100000000000001
6,12,43,4.1000000000000005
6,12,44,2.1
6,12,45,0.4
6,12,46,0.1
6,12,47,0.1
6,12,48,0.2
6,12,49,0.4
6,12,50,0.4
6,12,51,0.4
6,12,52,0.
6,13,1,0.1
6,13,2,0.6000000000000001
6,13,3,0.5
6,13,4,0.1
6,13,5,0.1
6,13,6,0.30000000000000004
6,13,7,0.5
6,13,8,0.
6,13,9,0.1
6,13,10,0.
6,13,11,0.
6,13,12,0.
6,13,13,0.1
6,13,14,0.
6,13,15,0.
6,13,16,0.
6,13,17,0.
6,13,18,0.
6,13,19,0.2
6,13,20,0.30000000000000004
6,13,21,0.2
6,13,22,1.1
6,13,23,3.7
6,13,24,3.5
6,13,25,5.2
6,13,26,15.700000000000001
6,13,27,21.1
6,13,28,43.800000000000004
6,13,29,48.5
6,13,30,59.6
6,13,31,76.3
6,13,32,64.
6,13,33,78.2
6,13,34,82.
6,13,35,85.60000000000001
6,13,36,85.30000000000001
6,13,37,53.7
6,13,38,55.400000000000006
6,13,39,35.7
6,13,40,29.400000000000002
6,13,41,22.900000000000002
6,13,42,19.200000000000003
6,13,43,8.5
6,13,44,4.5
6,13,45,1.5
6,13,46,0.30000000000000004
6,13,47,0.2
6,13,48,0.2
6,13,49,0.30000000000000004
6,13,50,0.4
6,13,51,0.4
6,13,52,0.
6,14,1,0.1
6,14,2,0.5
6,14,3,0.7000000000000001
6,14,4,0.1
6,14,5,0.
6,14,6,0.2
6,14,7,0.6000000000000001
6,14,8,0.
6,14,9,0.1
6,14,10,0.
6,14,11,0.
6,14,12,0.
6,14,13,0.1
6,14,14,0.
6,14,15,0.
6,14,16,0.
6,14,17,0.
6,14,18,0.
6,14,19,0.30000000000000004
6,14,20,0.4
6,14,21,0.2
6,14,22,1.1
6,14,23,3.8000000000000003
6,14,24,4.4
6,14,25,6.5
6,14,26,19.
6,14,27,25.700000000000003
6,14,28,49.400000000000006
6,14,29,55.2
6,14,30,65.2
6,14,31,79.4
6,14,32,72.10000000000001
6,14,33,86.
6,14,34,84.2
6,14,35,89.30000000000001
6,14,36,88.80000000000001
6,14,37,57.300000000000004
6,14,38,57.900000000000006
6,14,39,36.9
6,14,40,31.3
6,14,41,24.900000000000002
6,14,42,21.6
6,14,43,11.200000000000001
6,14,44,5.6000000000000005
6,14,45,2.3000000000000003
6,14,46,0.5
6,14,47,0.2
6,14,48,0.2
6,14,49,0.4
6,14,50,0.4
6,14,51,0.4
6,14,52,0.
6,15,1,0.
6,15,2,0.5
6,15,3,0.7000000000000001
6,15,4,0.
6,15,5,0.
6,15,6,0.1
6,15,7,0.6000000000000001
6,15,8,0.
6,15,9,0.1
6,15,10,0.
6,15,11,0.
6,15,12,0.
6,15,13,0.1
6,15,14,0.
6,15,15,0.
6,15,16,0.
6,15,17,0.
6,15,18,0.
6,15,19,0.30000000000000004
6,15,20,0.4
6,15,21,0.2
6,15,22,0.9
6,15,23,3.9000000000000004
6,15,24,4.9
6,15,25,6.800000000000001
6,15,26,20.
6,15,27,28.8
6,15,28,56.1
6,15,29,62.
6,15,30,69.4
6,15,31,79.80000000000001
6,15,32,79.9
6,15,33,88.4
6,15,34,81.60000000000001
6,15,35,81.80000000000001
6,15,36,79.60000000000001
6,15,37,56.5
6,15,38,57.1
6,15,39,35.800000000000004
6,15,40,30.6
6,15,41,24.700000000000003
6,15,42,21.700000000000003
6,15,43,12.200000000000001
6,15,44,6.4
6,15,45,3.1
6,15,46,1.
6,15,47,0.2
6,15,48,0.30000000000000004
6,15,49,0.4
6,15,50,0.4
6,15,51,0.5
6,15,52,0.
6,16,1,0.
6,16,2,0.5
6,16,3,0.7000000000000001
6,16,4,0.
6,16,5,0.
6,16,6,0.1
6,16,7,0.30000000000000004
6,16,8,0.
6,16,9,0.
6,16,10,0.
6,16,11,0.
6,16,12,0.
6,16,13,0.1
6,16,14,0.
6,16,15,0.
6,16,16,0.
6,16,17,0.
6,16,18,0.
6,16,19,0.30000000000000004
6,16,20,0.30000000000000004
6,16,21,0.2
6,16,22,0.7000000000000001
6,16,23,3.3000000000000003
6,16,24,5.7
6,16,25,7.6000000000000005
6,16,26,19.1
6,16,27,31.900000000000002
6,16,28,62.800000000000004
6,16,29,69.
6,16,30,82.4
6,16,31,88.9
6,16,32,89.9
6,16,33,91.4
6,16,34,84.30000000000001
6,16,35,83.5
6,16,36,81.2
6,16,37,54.6
6,16,38,52.300000000000004
6,16,39,37.
6,16,40,28.400000000000002
6,16,41,23.8
6,16,42,20.6
6,16,43,10.9
6,16,44,5.7
6,16,45,2.6
6,16,46,0.9
6,16,47,0.2
6,16,48,0.30000000000000004
6,16,49,0.4
6,16,50,0.2
6,16,51,0.4
6,16,52,0.
6,17,1,0.
6,17,2,0.5
6,17,3,0.5
6,17,4,0.
6,17,5,0.
6,17,6,0.2
6,17,7,0.2
6,17,8,0.
6,17,9,0.
6,17,10,0.
6,17,11,0.
6,17,12,0.
6,17,13,0.1
6,17,14,0.
6,17,15,0.
6,17,16,0.
6,17,17,0.
6,17,18,0.
6,17,19,0.4
6,17,20,0.4
6,17,21,0.2
6,17,22,0.9
6,17,23,4.1000000000000005
6,17,24,7.4
6,17,25,10.5
6,17,26,23.200000000000003
6,17,27,36.9
6,17,28,64.8
6,17,29,72.4
6,17,30,87.5
6,17,31,95.
6,17,32,92.30000000000001
6,17,33,97.10000000000001
6,17,34,91.10000000000001
6,17,35,88.80000000000001
6,17,36,80.
6,17,37,54.300000000000004
6,17,38,50.2
6,17,39,38.6
6,17,40,29.
6,17,41,25.6
6,17,42,23.8
6,17,43,12.
6,17,44,7.2
6,17,45,3.
6,17,46,1.1
6,17,47,0.2
6,17,48,0.4
6,17,49,0.4
6,17,50,0.2
6,17,51,0.30000000000000004
6,17,52,0.
6,18,1,0.
6,18,2,0.5
6,18,3,0.2
6,18,4,0.
6,18,5,0.
6,18,6,0.2
6,18,7,0.2
6,18,8,0.
6,18,9,0.
6,18,10,0.
6,18,11,0.
6,18,12,0.1
6,18,13,0.1
6,18,14,0.
6,18,15,0.
6,18,16,0.
6,18,17,0.
6,18,18,0.
6,18,19,0.4
6,18,20,0.4
6,18,21,0.30000000000000004
6,18,22,1.2000000000000002
6,18,23,5.300000000000001
6,18,24,9.600000000000001
6,18,25,14.3
6,18,26,29.8
6,18,27,41.400000000000006
6,18,28,68.4
6,18,29,78.80000000000001
6,18,30,90.60000000000001
6,18,31,99.30000000000001
6,18,32,91.
6,18,33,100.9
6,18,34,95.4
6,18,35,95.80000000000001
6,18,36,80.9
6,18,37,53.6
6,18,38,51.800000000000004
6,18,39,39.1
6,18,40,29.700000000000003
6,18,41,27.1
6,18,42,26.6
6,18,43,13.600000000000001
6,18,44,8.5
6,18,45,4.
6,18,46,1.4000000000000001
6,18,47,0.30000000000000004
6,18,48,0.6000000000000001
6,18,49,0.5
6,18,50,0.2
6,18,51,0.2
6,18,52,0.
6,19,1,0.
6,19,2,0.6000000000000001
6,19,3,0.1
6,19,4,0.
6,19,5,0.
6,19,6,0.2
6,19,7,0.2
6,19,8,0.
6,19,9,0.
6,19,10,0.
6,19,11,0.
6,19,12,0.1
6,19,13,0.1
6,19,14,0.
6,19,15,0.
6,19,16,0.
6,19,17,0.
6,19,18,0.1
6,19,19,0.5
6,19,20,0.4
6,19,21,0.30000000000000004
6,19,22,1.4000000000000001
6,19,23,6.5
6,19,24,10.600000000000001
6,19,25,19.6
6,19,26,36.1
6,19,27,46.400000000000006
6,19,28,75.3
6,19,29,85.30000000000001
6,19,30,96.60000000000001
6,19,31,104.10000000000001
6,19,32,92.2
6,19,33,101.
6,19,34,97.5
6,19,35,97.5
6,19,36,81.2
6,19,37,56.5
6,19,38,52.2
6,19,39,38.2
6,19,40,30.1
6,19,41,27.8
6,19,42,27.200000000000003
6,19,43,13.9
6,19,44,9.600000000000001
6,19,45,4.7
6,19,46,1.9000000000000001
6,19,47,0.4
6,19,48,1.
6,19,49,0.6000000000000001
6,19,50,0.1
6,19,51,0.30000000000000004
6,19,52,0.
6,20,1,0.
6,20,2,0.8
6,20,3,0.1
6,20,4,0.
6,20,5,0.1
6,20,6,0.2
6,20,7,0.2
6,20,8,0.
6,20,9,0.
6,20,10,0.
6,20,11,0.
6,20,12,0.1
6,20,13,0.1
6,20,14,0.1
6,20,15,0.
6,20,16,0.
6,20,17,0.1
6,20,18,0.1
6,20,19,0.6000000000000001
6,20,20,0.5
6,20,21,0.30000000000000004
6,20,22,2.
6,20,23,8.8
6,20,24,13.5
6,20,25,25.
6,20,26,42.5
6,20,27,52.5
6,20,28,81.60000000000001
6,20,29,88.5
6,20,30,103.9
6,20,31,107.10000000000001
6,20,32,96.9
6,20,33,99.9
6,20,34,95.4
6,20,35,101.2
6,20,36,78.7
6,20,37,58.800000000000004
6,20,38,51.800000000000004
6,20,39,38.1
6,20,40,31.5
6,20,41,29.400000000000002
6,20,42,26.700000000000003
6,20,43,13.9
6,20,44,11.
6,20,45,5.1000000000000005
6,20,46,2.6
6,20,47,0.5
6,20,48,1.2000000000000002
6,20,49,0.6000000000000001
6,20,50,0.2
6,20,51,0.2
6,20,52,0.
7,9,1,0.2
7,9,2,1.5
7,9,3,0.4
7,9,4,0.
7,9,5,0.1
7,9,6,0.4
7,9,7,0.7000000000000001
7,9,8,0.1
7,9,9,0.2
7,9,10,0.
7,9,11,0.1
7,9,12,0.
7,9,13,0.2
7,9,14,0.
7,9,15,0.
7,9,16,0.
7,9,17,0.
7,9,18,0.
7,9,19,0.1
7,9,20,0.1
7,9,21,0.1
7,9,22,0.4
7,9,23,1.8
7,9,24,2.6
7,9,25,2.2
7,9,26,5.7
7,9,27,8.8
7,9,28,17.5
7,9,29,21.900000000000002
7,9,30,30.8
7,9,31,40.6
7,9,32,38.800000000000004
7,9,33,44.
7,9,34,61.900000000000006
7,9,35,61.1
7,9,36,56.300000000000004
7,9,37,36.6
7,9,38,34.7
7,9,39,25.1
7,9,40,18.1
7,9,41,14.200000000000001
7,9,42,11.9
7,9,43,2.5
7,9,44,1.2000000000000002
7,9,45,0.30000000000000004
7,9,46,0.1
7,9,47,0.1
7,9,48,0.2
7,9,49,0.9
7,9,50,0.4
7,9,51,0.5
7,9,52,0.
7,10,1,0.1
7,10,2,1.3
7,10,3,0.4
7,10,4,0.
7,10,5,0.1
7,10,6,0.4
7,10,7,0.7000000000000001
7,10,8,0.1
7,10,9,0.1
7,10,10,0.
7,10,11,0.1
7,10,12,0.
7,10,13,0.1
7,10,14,0.
7,10,15,0.
7,10,16,0.
7,10,17,0.
7,10,18,0.1
7,10,19,0.1
7,10,20,0.1
7,10,21,0.1
7,10,22,0.6000000000000001
7,10,23,1.7000000000000002
7,10,24,2.4000000000000004
7,10,25,2.5
7,10,26,6.800000000000001
7,10,27,10.
7,10,28,21.
7,10,29,27.6
7,10,30,35.5
7,10,31,46.
7,10,32,42.5
7,10,33,50.300000000000004
7,10,34,65.7
7,10,35,65.10000000000001
7,10,36,60.
7,10,37,38.2
7,10,38,40.
7,10,39,25.5
7,10,40,20.200000000000003
7,10,41,15.200000000000001
7,10,42,12.8
7,10,43,2.9000000000000004
7,10,44,1.4000000000000001
7,10,45,0.4
7,10,46,0.1
7,10,47,0.1
7,10,48,0.2
7,10,49,0.8
7,10,50,0.5
7,10,51,0.4
7,10,52,0.
7,11,1,0.1
7,11,2,1.1
7,11,3,0.4
7,11,4,0.1
7,11,5,0.1
7,11,6,0.4
7,11,7,0.7000000000000001
7,11,8,0.
7,11,9,0.1
7,11,10,0.
7,11,11,0.1
7,11,12,0.
7,11,13,0.1
7,11,14,0.
7,11,15,0.
7,11,16,0.
7,11,17,0.
7,11,18,0.1
7,11,19,0.2
7,11,20,0.1
7,11,21,0.1
7,11,22,0.8
7,11,23,2.1
7,11,24,2.5
7,11,25,3.1
7,11,26,8.700000000000001
7,11,27,13.
7,11,28,26.6
7,11,29,34.1
7,11,30,42.5
7,11,31,51.1
7,11,32,46.6
7,11,33,57.900000000000006
7,11,34,70.60000000000001
7,11,35,69.10000000000001
7,11,36,64.60000000000001
7,11,37,43.1
7,11,38,47.800000000000004
7,11,39,28.1
7,11,40,23.
7,11,41,16.7
7,11,42,15.
7,11,43,3.9000000000000004
7,11,44,2.
7,11,45,0.5
7,11,46,0.1
7,11,47,0.1
7,11,48,0.2
7,11,49,0.6000000000000001
7,11,50,0.5
7,11,51,0.5
7,11,52,0.
7,12,1,0.1
7,12,2,0.9
7,12,3,0.4
7,12,4,0.1
7,12,5,0.1
7,12,6,0.4
7,12,7,0.6000000000000001
7,12,8,0.
7,12,9,0.1
7,12,10,0.
7,12,11,0.1
7,12,12,0.
7,12,13,0.2
7,12,14,0.
7,12,15,0.
7,12,16,0.
7,12,17,0.
7,12,18,0.1
7,12,19,0.4
7,12,20,0.2
7,12,21,0.2
7,12,22,1.4000000000000001
7,12,23,4.
7,12,24,4.2
7,12,25,5.800000000000001
7,12,26,14.100000000000001
7,12,27,20.5
7,12,28,37.300000000000004
7,12,29,42.300000000000004
7,12,30,53.400000000000006
7,12,31,58.400000000000006
7,12,32,54.800000000000004
7,12,33,67.7
7,12,34,79.2
7,12,35,76.7
7,12,36,73.4
7,12,37,53.
7,12,38,56.6
7,12,39,36.1
7,12,40,29.700000000000003
7,12,41,21.900000000000002
7,12,42,19.5
7,12,43,7.1000000000000005
7,12,44,3.6
7,12,45,1.1
7,12,46,0.2
7,12,47,0.2
7,12,48,0.30000000000000004
7,12,49,0.6000000000000001
7,12,50,0.6000000000000001
7,12,51,0.5
7,12,52,0.
7,13,1,0.1
7,13,2,0.7000000000000001
7,13,3,0.5
7,13,4,0.1
7,13,5,0.1
7,13,6,0.30000000000000004
7,13,7,0.7000000000000001
7,13,8,0.
7,13,9,0.1
7,13,10,0.
7,13,11,0.
7,13,12,0.
7,13,13,0.1
7,13,14,0.
7,13,15,0.
7,13,16,0.
7,13,17,0.
7,13,18,0.1
7,13,19,0.4
7,13,20,0.4
7,13,21,0.30000000000000004
7,13,22,1.9000000000000001
7,13,23,5.800000000000001
7,13,24,6.
7,13,25,9.1
7,13,26,21.1
7,13,27,28.8
7,13,28,51.6
7,13,29,53.6
7,13,30,66.8
7,13,31,72.8
7,13,32,67.60000000000001
7,13,33,83.4
7,13,34,89.9
7,13,35,90.5
7,13,36,88.30000000000001
7,13,37,66.8
7,13,38,68.5
7,13,39,48.1
7,13,40,39.1
7,13,41,29.700000000000003
7,13,42,24.8
7,13,43,12.5
7,13,44,6.5
7,13,45,2.4000000000000004
7,13,46,0.5
7,13,47,0.30000000000000004
7,13,48,0.30000000000000004
7,13,49,0.6000000000000001
7,13,50,0.5
7,13,51,0.5
7,13,52,0.
7,14,1,0.1
7,14,2,0.6000000000000001
7,14,3,0.7000000000000001
7,14,4,0.
7,14,5,0.
7,14,6,0.30000000000000004
7,14,7,0.7000000000000001
7,14,8,0.
7,14,9,0.1
7,14,10,0.
7,14,11,0.
7,14,12,0.1
7,14,13,0.1
7,14,14,0.
7,14,15,0.
7,14,16,0.
7,14,17,0.
7,14,18,0.
7,14,19,0.5
7,14,20,0.4
7,14,21,0.4
7,14,22,1.9000000000000001
7,14,23,5.800000000000001
7,14,24,6.7
7,14,25,11.700000000000001
7,14,26,25.5
7,14,27,33.800000000000004
7,14,28,56.
7,14,29,59.400000000000006
7,14,30,68.8
7,14,31,80.
7,14,32,74.60000000000001
7,14,33,89.80000000000001
7,14,34,91.9
7,14,35,94.7
7,14,36,93.30000000000001
7,14,37,70.10000000000001
7,14,38,73.4
7,14,39,49.5
7,14,40,41.900000000000006
7,14,41,33.4
7,14,42,28.5
7,14,43,17.400000000000002
7,14,44,8.9
7,14,45,4.4
7,14,46,1.1
7,14,47,0.4
7,14,48,0.4
7,14,49,0.5
7,14,50,0.5
7,14,51,0.5
7,14,52,0.
7,15,1,0.
7,15,2,0.6000000000000001
7,15,3,0.6000000000000001
7,15,4,0.
7,15,5,0.
7,15,6,0.2
7,15,7,0.6000000000000001
7,15,8,0.
7,15,9,0.1
7,15,10,0.
7,15,11,0.
7,15,12,0.
7,15,13,0.1
7,15,14,0.
7,15,15,0.
7,15,16,0.
7,15,17,0.
7,15,18,0.1
7,15,19,0.5
7,15,20,0.5
7,15,21,0.4
7,15,22,1.4000000000000001
7,15,23,5.2
7,15,24,7.
7,15,25,11.700000000000001
7,15,26,25.6
7,15,27,35.1
7,15,28,60.5
7,15,29,64.10000000000001
7,15,30,68.9
7,15,31,79.5
7,15,32,79.60000000000001
7,15,33,91.4
7,15,34,88.4
7,15,35,85.80000000000001
7,15,36,84.7
7,15,37,67.4
7,15,38,69.10000000000001
7,15,39,45.6
7,15,40,39.6
7,15,41,32.6
7,15,42,27.8
7,15,43,19.1
7,15,44,10.
7,15,45,5.4
7,15,46,1.9000000000000001
7,15,47,0.4
7,15,48,0.5
7,15,49,0.5
7,15,50,0.4
7,15,51,0.6000000000000001
7,15,52,0.
7,16,1,0.
7,16,2,0.5
7,16,3,0.5
7,16,4,0.
7,16,5,0.
7,16,6,0.2
7,16,7,0.30000000000000004
7,16,8,0.
7,16,9,0.
7,16,10,0.
7,16,11,0.
7,16,12,0.
7,16,13,0.1
7,16,14,0.
7,16,15,0.
7,16,16,0.
7,16,17,0.
7,16,18,0.1
7,16,19,0.5
7,16,20,0.5
7,16,21,0.30000000000000004
7,16,22,1.
7,16,23,4.6000000000000005
7,16,24,7.6000000000000005
7,16,25,11.3
7,16,26,22.8
7,16,27,34.7
7,16,28,65.2
7,16,29,70.8
7,16,30,81.5
7,16,31,88.4
7,16,32,88.5
7,16,33,96.10000000000001
7,16,34,86.60000000000001
7,16,35,83.2
7,16,36,83.9
7,16,37,60.6
7,16,38,59.1
7,16,39,41.2
7,16,40,33.5
7,16,41,29.200000000000003
7,16,42,24.700000000000003
7,16,43,15.200000000000001
7,16,44,8.6
7,16,45,4.2
7,16,46,1.5
7,16,47,0.30000000000000004
7,16,48,0.5
7,16,49,0.5
7,16,50,0.30000000000000004
7,16,51,0.4
7,16,52,0.
7,17,1,0.
7,17,2,0.5
7,17,3,0.30000000000000004
7,17,4,0.
7,17,5,0.
7,17,6,0.2
7,17,7,0.2
7,17,8,0.
7,17,9,0.
7,17,10,0.
7,17,11,0.
7,17,12,0.1
7,17,13,0.1
7,17,14,0.
7,17,15,0.
7,17,16,0.
7,17,17,0.
7,17,18,0.
7,17,19,0.4
7,17,20,0.5
7,17,21,0.30000000000000004
7,17,22,1.
7,17,23,4.9
7,17,24,8.6
7,17,25,12.700000000000001
7,17,26,24.900000000000002
7,17,27,39.2
7,17,28,69.
7,17,29,77.9
7,17,30,92.9
7,17,31,99.9
7,17,32,98.9
7,17,33,103.5
7,17,34,93.30000000000001
7,17,35,89.2
7,17,36,86.5
7,17,37,57.900000000000006
7,17,38,54.900000000000006
7,17,39,39.2
7,17,40,31.3
7,17,41,28.1
7,17,42,26.200000000000003
7,17,43,13.5
7,17,44,8.1
7,17,45,3.5
7,17,46,1.3
7,17,47,0.30000000000000004
7,17,48,0.5
7,17,49,0.4
7,17,50,0.2
7,17,51,0.30000000000000004
7,17,52,0.
7,18,1,0.
7,18,2,0.5
7,18,3,0.1
7,18,4,0.
7,18,5,0.
7,18,6,0.2
7,18,7,0.2
7,18,8,0.
7,18,9,0.
7,18,10,0.
7,18,11,0.
7,18,12,0.1
7,18,13,0.
7,18,14,0.
7,18,15,0.
7,18,16,0.
7,18,17,0.
7,18,18,0.
7,18,19,0.5
7,18,20,0.5
7,18,21,0.30000000000000004
7,18,22,1.3
7,18,23,6.2
7,18,24,10.200000000000001
7,18,25,16.3
7,18,26,32.2
7,18,27,43.2
7,18,28,72.5
7,18,29,83.7
7,18,30,95.30000000000001
7,18,31,102.30000000000001
7,18,32,97.10000000000001
7,18,33,106.2
7,18,34,96.60000000000001
7,18,35,96.2
7,18,36,87.60000000000001
7,18,37,56.300000000000004
7,18,38,55.800000000000004
7,18,39,40.7
7,18,40,32.6
7,18,41,30.1
7,18,42,29.400000000000002
7,18,43,15.700000000000001
7,18,44,9.700000000000001
7,18,45,4.800000000000001
7,18,46,1.7000000000000002
7,18,47,0.4
7,18,48,0.8
7,18,49,0.6000000000000001
7,18,50,0.1
7,18,51,0.2
7,18,52,0.
7,19,1,0.
7,19,2,0.5
7,19,3,0.1
7,19,4,0.
7,19,5,0.
7,19,6,0.30000000000000004
7,19,7,0.2
7,19,8,0.
7,19,9,0.
7,19,10,0.
7,19,11,0.
7,19,12,0.1
7,19,13,0.1
7,19,14,0.
7,19,15,0.
7,19,16,0.
7,19,17,0.
7,19,18,0.
7,19,19,0.6000000000000001
7,19,20,0.4
7,19,21,0.4
7,19,22,1.8
7,19,23,8.1
7,19,24,11.9
7,19,25,20.900000000000002
7,19,26,38.900000000000006
7,19,27,47.2
7,19,28,78.
7,19,29,86.2
7,19,30,100.5
7,19,31,102.60000000000001
7,19,32,97.2
7,19,33,102.7
7,19,34,96.5
7,19,35,104.4
7,19,36,89.2
7,19,37,57.
7,19,38,56.1
7,19,39,41.800000000000004
7,19,40,33.1
7,19,41,30.8
7,19,42,30.6
7,19,43,16.
7,19,44,11.200000000000001
7,19,45,5.300000000000001
7,19,46,2.5
7,19,47,0.6000000000000001
7,19,48,1.
7,19,49,0.6000000000000001
7,19,50,0.1
7,19,51,0.2
7,19,52,0.
7,20,1,0.
7,20,2,0.7000000000000001
7,20,3,0.
7,20,4,0.
7,20,5,0.1
7,20,6,0.30000000000000004
7,20,7,0.30000000000000004
7,20,8,0.
7,20,9,0.
7,20,10,0.
7,20,11,0.
7,20,12,0.1
7,20,13,0.1
7,20,14,0.1
7,20,15,0.
7,20,16,0.
7,20,17,0.1
7,20,18,0.1
7,20,19,0.7000000000000001
7,20,20,0.6000000000000001
7,20,21,0.4
7,20,22,2.4000000000000004
7,20,23,10.3
7,20,24,14.9
7,20,25,26.200000000000003
7,20,26,45.300000000000004
7,20,27,53.300000000000004
7,20,28,84.30000000000001
7,20,29,89.60000000000001
7,20,30,107.80000000000001
7,20,31,105.5
7,20,32,101.80000000000001
7,20,33,101.5
7,20,34,94.30000000000001
7,20,35,108.2
7,20,36,86.60000000000001
7,20,37,59.400000000000006
7,20,38,55.800000000000004
7,20,39,41.7
7,20,40,34.5
7,20,41,32.300000000000004
7,20,42,30.1
7,20,43,15.9
7,20,44,12.600000000000001
7,20,45,5.7
7,20,46,3.2
7,20,47,0.7000000000000001
7,20,48,1.2000000000000002
7,20,49,0.6000000000000001
7,20,50,0.2
7,20,51,0.2
7,20,52,0.
8,9,1,0.1
8,9,2,1.6
8,9,3,0.4
8,9,4,0.
8,9,5,0.1
8,9,6,0.30000000000000004
8,9,7,0.6000000000000001
8,9,8,0.1
8,9,9,0.2
8,9,10,0.
8,9,11,0.1
8,9,12,0.
8,9,13,0.2
8,9,14,0.
8,9,15,0.
8,9,16,0.
8,9,17,0.
8,9,18,0.
8,9,19,0.1
8,9,20,0.1
8,9,21,0.1
8,9,22,0.5
8,9,23,1.9000000000000001
8,9,24,3.1
8,9,25,3.9000000000000004
8,9,26,8.3
8,9,27,12.700000000000001
8,9,28,21.6
8,9,29,26.
8,9,30,35.800000000000004
8,9,31,44.300000000000004
8,9,32,44.1
8,9,33,51.6
8,9,34,68.7
8,9,35,65.5
8,9,36,62.
8,9,37,42.1
8,9,38,41.
8,9,39,29.
8,9,40,20.
8,9,41,15.
8,9,42,13.
8,9,43,3.3000000000000003
8,9,44,1.3
8,9,45,0.4
8,9,46,0.1
8,9,47,0.1
8,9,48,0.2
8,9,49,1.1
8,9,50,0.4
8,9,51,0.5
8,9,52,0.
8,10,1,0.1
8,10,2,1.4000000000000001
8,10,3,0.4
8,10,4,0.1
8,10,5,0.1
8,10,6,0.4
8,10,7,0.7000000000000001
8,10,8,0.
8,10,9,0.2
8,10,10,0.
8,10,11,0.1
8,10,12,0.
8,10,13,0.1
8,10,14,0.
8,10,15,0.
8,10,16,0.
8,10,17,0.
8,10,18,0.1
8,10,19,0.1
8,10,20,0.1
8,10,21,0.1
8,10,22,0.7000000000000001
8,10,23,1.8
8,10,24,3.
8,10,25,4.2
8,10,26,9.600000000000001
8,10,27,13.600000000000001
8,10,28,25.900000000000002
8,10,29,31.
8,10,30,39.6
8,10,31,47.900000000000006
8,10,32,45.800000000000004
8,10,33,56.400000000000006
8,10,34,70.3
8,10,35,68.
8,10,36,63.300000000000004
8,10,37,44.400000000000006
8,10,38,46.1
8,10,39,30.
8,10,40,22.5
8,10,41,16.7
8,10,42,13.5
8,10,43,3.8000000000000003
8,10,44,1.8
8,10,45,0.5
8,10,46,0.1
8,10,47,0.1
8,10,48,0.30000000000000004
8,10,49,0.9
8,10,50,0.6000000000000001
8,10,51,0.5
8,10,52,0.
8,11,1,0.1
8,11,2,1.2000000000000002
8,11,3,0.4
8,11,4,0.1
8,11,5,0.1
8,11,6,0.4
8,11,7,0.7000000000000001
8,11,8,0.
8,11,9,0.1
8,11,10,0.
8,11,11,0.
8,11,12,0.
8,11,13,0.1
8,11,14,0.
8,11,15,0.
8,11,16,0.
8,11,17,0.
8,11,18,0.1
8,11,19,0.30000000000000004
8,11,20,0.2
8,11,21,0.2
8,11,22,1.
8,11,23,2.6
8,11,24,3.7
8,11,25,5.5
8,11,26,12.4
8,11,27,18.
8,11,28,33.2
8,11,29,37.2
8,11,30,46.300000000000004
8,11,31,53.
8,11,32,49.300000000000004
8,11,33,62.900000000000006
8,11,34,73.10000000000001
8,11,35,72.
8,11,36,67.7
8,11,37,47.800000000000004
8,11,38,50.2
8,11,39,31.6
8,11,40,25.400000000000002
8,11,41,18.900000000000002
8,11,42,15.200000000000001
8,11,43,5.4
8,11,44,2.4000000000000004
8,11,45,0.8
8,11,46,0.2
8,11,47,0.1
8,11,48,0.30000000000000004
8,11,49,0.8
8,11,50,0.6000000000000001
8,11,51,0.5
8,11,52,0.
8,12,1,0.1
8,12,2,0.9
8,12,3,0.30000000000000004
8,12,4,0.1
8,12,5,0.1
8,12,6,0.30000000000000004
8,12,7,0.6000000000000001
8,12,8,0.
8,12,9,0.1
8,12,10,0.
8,12,11,0.
8,12,12,0.
8,12,13,0.1
8,12,14,0.
8,12,15,0.
8,12,16,0.1
8,12,17,0.
8,12,18,0.1
8,12,19,0.5
8,12,20,0.30000000000000004
8,12,21,0.30000000000000004
8,12,22,1.6
8,12,23,4.5
8,12,24,5.5
8,12,25,8.4
8,12,26,18.
8,12,27,26.400000000000002
8,12,28,44.1
8,12,29,45.6
8,12,30,57.7
8,12,31,61.400000000000006
8,12,32,58.6
8,12,33,73.5
8,12,34,83.
8,12,35,80.10000000000001
8,12,36,77.5
8,12,37,56.5
8,12,38,57.6
8,12,39,38.5
8,12,40,31.900000000000002
8,12,41,23.900000000000002
8,12,42,19.700000000000003
8,12,43,9.
8,12,44,3.9000000000000004
8,12,45,1.4000000000000001
8,12,46,0.4
8,12,47,0.1
8,12,48,0.30000000000000004
8,12,49,0.8
8,12,50,0.5
8,12,51,0.5
8,12,52,0.
8,13,1,0.1
8,13,2,0.7000000000000001
8,13,3,0.4
8,13,4,0.1
8,13,5,0.1
8,13,6,0.30000000000000004
8,13,7,0.6000000000000001
8,13,8,0.
8,13,9,0.1
8,13,10,0.
8,13,11,0.
8,13,12,0.1
8,13,13,0.1
8,13,14,0.
8,13,15,0.
8,13,16,0.1
8,13,17,0.
8,13,18,0.1
8,13,19,0.6000000000000001
8,13,20,0.4
8,13,21,0.6000000000000001
8,13,22,2.5
8,13,23,6.4
8,13,24,7.300000000000001
8,13,25,11.8
8,13,26,23.900000000000002
8,13,27,33.300000000000004
8,13,28,53.300000000000004
8,13,29,53.300000000000004
8,13,30,68.4
8,13,31,70.
8,13,32,68.4
8,13,33,80.5
8,13,34,89.9
8,13,35,88.80000000000001
8,13,36,85.60000000000001
8,13,37,65.7
8,13,38,67.
8,13,39,47.2
8,13,40,37.800000000000004
8,13,41,29.900000000000002
8,13,42,23.900000000000002
8,13,43,12.4
8,13,44,5.6000000000000005
8,13,45,2.7
8,13,46,0.7000000000000001
8,13,47,0.2
8,13,48,0.4
8,13,49,0.7000000000000001
8,13,50,0.6000000000000001
8,13,51,0.5
8,13,52,0.
8,14,1,0.
8,14,2,0.6000000000000001
8,14,3,0.4
8,14,4,0.
8,14,5,0.
8,14,6,0.30000000000000004
8,14,7,0.6000000000000001
8,14,8,0.
8,14,9,0.
8,14,10,0.
8,14,11,0.
8,14,12,0.1
8,14,13,0.1
8,14,14,0.
8,14,15,0.
8,14,16,0.
8,14,17,0.
8,14,18,0.1
8,14,19,0.6000000000000001
8,14,20,0.5
8,14,21,0.6000000000000001
8,14,22,2.7
8,14,23,6.9
8,14,24,8.1
8,14,25,14.700000000000001
8,14,26,28.5
8,14,27,37.300000000000004
8,14,28,57.6
8,14,29,60.300000000000004
8,14,30,72.60000000000001
8,14,31,79.9
8,14,32,75.4
8,14,33,86.10000000000001
8,14,34,92.2
8,14,35,94.2
8,14,36,90.5
8,14,37,69.7
8,14,38,74.7
8,14,39,50.
8,14,40,41.400000000000006
8,14,41,34.1
8,14,42,26.6
8,14,43,16.7
8,14,44,7.7
8,14,45,4.6000000000000005
8,14,46,1.4000000000000001
8,14,47,0.30000000000000004
8,14,48,0.5
8,14,49,0.7000000000000001
8,14,50,0.4
8,14,51,0.5
8,14,52,0.
8,15,1,0.
8,15,2,0.5
8,15,3,0.4
8,15,4,0.
8,15,5,0.
8,15,6,0.2
8,15,7,0.6000000000000001
8,15,8,0.
8,15,9,0.
8,15,10,0.
8,15,11,0.
8,15,12,0.1
8,15,13,0.1
8,15,14,0.
8,15,15,0.
8,15,16,0.
8,15,17,0.
8,15,18,0.1
8,15,19,0.6000000000000001
8,15,20,0.5
8,15,21,0.6000000000000001
8,15,22,2.2
8,15,23,6.4
8,15,24,9.5
8,15,25,17.
8,15,26,31.
8,15,27,41.1
8,15,28,64.3
8,15,29,67.9
8,15,30,73.4
8,15,31,85.2
8,15,32,83.
8,15,33,92.2
8,15,34,96.7
8,15,35,91.4
8,15,36,89.5
8,15,37,72.2
8,15,38,76.3
8,15,39,51.5
8,15,40,42.800000000000004
8,15,41,36.4
8,15,42,31.
8,15,43,22.1
8,15,44,10.9
8,15,45,6.7
8,15,46,2.2
8,15,47,0.5
8,15,48,0.7000000000000001
8,15,49,0.5
8,15,50,0.4
8,15,51,0.5
8,15,52,0.
8,16,1,0.
8,16,2,0.5
8,16,3,0.4
8,16,4,0.
8,16,5,0.
8,16,6,0.2
8,16,7,0.5
8,16,8,0.
8,16,9,0.
8,16,10,0.
8,16,11,0.
8,16,12,0.1
8,16,13,0.1
8,16,14,0.
8,16,15,0.
8,16,16,0.
8,16,17,0.
8,16,18,0.1
8,16,19,0.7000000000000001
8,16,20,0.7000000000000001
8,16,21,0.6000000000000001
8,16,22,1.8
8,16,23,7.4
8,16,24,10.3
8,16,25,16.400000000000002
8,16,26,28.8
8,16,27,38.800000000000004
8,16,28,63.7
8,16,29,70.4
8,16,30,76.5
8,16,31,85.10000000000001
8,16,32,83.5
8,16,33,95.4
8,16,34,88.60000000000001
8,16,35,82.80000000000001
8,16,36,82.60000000000001
8,16,37,65.5
8,16,38,66.3
8,16,39,46.900000000000006
8,16,40,40.6
8,16,41,35.7
8,16,42,31.700000000000003
8,16,43,21.5
8,16,44,12.700000000000001
8,16,45,7.
8,16,46,2.6
8,16,47,0.5
8,16,48,0.8
8,16,49,0.5
8,16,50,0.4
8,16,51,0.4
8,16,52,0.
8,17,1,0.
8,17,2,0.4
8,17,3,0.2
8,17,4,0.
8,17,5,0.
8,17,6,0.2
8,17,7,0.2
8,17,8,0.
8,17,9,0.
8,17,10,0.
8,17,11,0.
8,17,12,0.2
8,17,13,0.
8,17,14,0.
8,17,15,0.
8,17,16,0.
8,17,17,0.
8,17,18,0.
8,17,19,0.5
8,17,20,0.6000000000000001
8,17,21,0.5
8,17,22,1.7000000000000002
8,17,23,7.2
8,17,24,10.5
8,17,25,16.6
8,17,26,29.1
8,17,27,42.300000000000004
8,17,28,71.3
8,17,29,79.7
8,17,30,92.10000000000001
8,17,31,100.7
8,17,32,99.80000000000001
8,17,33,105.10000000000001
8,17,34,97.2
8,17,35,90.10000000000001
8,17,36,89.10000000000001
8,17,37,62.400000000000006
8,17,38,61.
8,17,39,42.900000000000006
8,17,40,36.300000000000004
8,17,41,32.
8,17,42,30.3
8,17,43,17.6
8,17,44,10.5
8,17,45,5.6000000000000005
8,17,46,1.9000000000000001
8,17,47,0.4
8,17,48,0.7000000000000001
8,17,49,0.4
8,17,50,0.2
8,17,51,0.30000000000000004
8,17,52,0.
8,18,1,0.
8,18,2,0.4
8,18,3,0.1
8,18,4,0.
8,18,5,0.
8,18,6,0.30000000000000004
8,18,7,0.2
8,18,8,0.
8,18,9,0.
8,18,10,0.
8,18,11,0.
8,18,12,0.1
8,18,13,0.
8,18,14,0.
8,18,15,0.
8,18,16,0.
8,18,17,0.
8,18,18,0.
8,18,19,0.5
8,18,20,0.6000000000000001
8,18,21,0.5
8,18,22,1.7000000000000002
8,18,23,7.6000000000000005
8,18,24,11.
8,18,25,18.400000000000002
8,18,26,35.4
8,18,27,47.
8,18,28,76.7
8,18,29,89.30000000000001
8,18,30,102.2
8,18,31,107.5
8,18,32,105.30000000000001
8,18,33,109.
8,18,34,98.9
8,18,35,101.4
8,18,36,93.2
8,18,37,58.300000000000004
8,18,38,59.5
8,18,39,41.800000000000004
8,18,40,33.800000000000004
8,18,41,30.5
8,18,42,30.3
8,18,43,16.
8,18,44,10.200000000000001
8,18,45,5.1000000000000005
8,18,46,2.1
8,18,47,0.5
8,18,48,0.8
8,18,49,0.5
8,18,50,0.1
8,18,51,0.2
8,18,52,0.
8,19,1,0.
8,19,2,0.4
8,19,3,0.
8,19,4,0.
8,19,5,0.1
8,19,6,0.30000000000000004
8,19,7,0.2
8,19,8,0.
8,19,9,0.
8,19,10,0.
8,19,11,0.
8,19,12,0.1
8,19,13,0.1
8,19,14,0.1
8,19,15,0.
8,19,16,0.
8,19,17,0.
8,19,18,0.1
8,19,19,0.6000000000000001
8,19,20,0.6000000000000001
8,19,21,0.5
8,19,22,2.2
8,19,23,9.600000000000001
8,19,24,13.
8,19,25,22.8
8,19,26,41.900000000000006
8,19,27,50.400000000000006
8,19,28,82.
8,19,29,91.2
8,19,30,107.2
8,19,31,107.30000000000001
8,19,32,104.10000000000001
8,19,33,105.80000000000001
8,19,34,99.30000000000001
8,19,35,110.80000000000001
8,19,36,95.80000000000001
8,19,37,58.800000000000004
8,19,38,60.
8,19,39,43.6
8,19,40,34.
8,19,41,31.3
8,19,42,31.700000000000003
8,19,43,16.7
8,19,44,11.600000000000001
8,19,45,5.9
8,19,46,3.1
8,19,47,0.7000000000000001
8,19,48,1.
8,19,49,0.5
8,19,50,0.1
8,19,51,0.1
8,19,52,0.
8,20,1,0.
8,20,2,0.6000000000000001
8,20,3,0.
8,20,4,0.
8,20,5,0.1
8,20,6,0.30000000000000004
8,20,7,0.30000000000000004
8,20,8,0.
8,20,9,0.
8,20,10,0.
8,20,11,0.
8,20,12,0.1
8,20,13,0.1
8,20,14,0.1
8,20,15,0.
8,20,16,0.
8,20,17,0.
8,20,18,0.1
8,20,19,0.9
8,20,20,0.8
8,20,21,0.8
8,20,22,3.5
8,20,23,13.600000000000001
8,20,24,17.6
8,20,25,29.700000000000003
8,20,26,49.5
8,20,27,55.6
8,20,28,86.30000000000001
8,20,29,92.
8,20,30,113.9
8,20,31,106.80000000000001
8,20,32,106.30000000000001
8,20,33,103.5
8,20,34,97.5
8,20,35,114.10000000000001
8,20,36,94.10000000000001
8,20,37,66.60000000000001
8,20,38,63.2
8,20,39,47.800000000000004
8,20,40,39.5
8,20,41,37.2
8,20,42,36.2
8,20,43,23.1
8,20,44,16.7
8,20,45,8.8
8,20,46,4.800000000000001
8,20,47,1.3
8,20,48,1.4000000000000001
8,20,49,0.6000000000000001
8,20,50,0.30000000000000004
8,20,51,0.2
8,20,52,0.
9,9,1,0.1
9,9,2,1.5
9,9,3,0.30000000000000004
9,9,4,0.
9,9,5,0.1
9,9,6,0.2
9,9,7,0.7000000000000001
9,9,8,0.
9,9,9,0.2
9,9,10,0.
9,9,11,0.1
9,9,12,0.
9,9,13,0.2
9,9,14,0.
9,9,15,0.
9,9,16,0.
9,9,17,0.
9,9,18,0.1
9,9,19,0.2
9,9,20,0.1
9,9,21,0.1
9,9,22,0.7000000000000001
9,9,23,1.7000000000000002
9,9,24,3.3000000000000003
9,9,25,4.3
9,9,26,9.1
9,9,27,13.700000000000001
9,9,28,22.1
9,9,29,24.900000000000002
9,9,30,34.7
9,9,31,43.6
9,9,32,41.300000000000004
9,9,33,50.5
9,9,34,66.7
9,9,35,61.5
9,9,36,57.5
9,9,37,39.800000000000004
9,9,38,38.
9,9,39,25.5
9,9,40,18.8
9,9,41,13.5
9,9,42,11.3
9,9,43,3.4000000000000004
9,9,44,1.1
9,9,45,0.5
9,9,46,0.1
9,9,47,0.1
9,9,48,0.30000000000000004
9,9,49,1.
9,9,50,0.5
9,9,51,0.5
9,9,52,0.
9,10,1,0.1
9,10,2,1.2000000000000002
9,10,3,0.2
9,10,4,0.
9,10,5,0.1
9,10,6,0.2
9,10,7,0.7000000000000001
9,10,8,0.
9,10,9,0.1
9,10,10,0.
9,10,11,0.
9,10,12,0.
9,10,13,0.2
9,10,14,0.
9,10,15,0.
9,10,16,0.
9,10,17,0.
9,10,18,0.1
9,10,19,0.2
9,10,20,0.2
9,10,21,0.1
9,10,22,0.8
9,10,23,2.3000000000000003
9,10,24,3.7
9,10,25,5.5
9,10,26,11.4
9,10,27,16.2
9,10,28,28.6
9,10,29,30.700000000000003
9,10,30,41.300000000000004
9,10,31,50.
9,10,32,45.6
9,10,33,57.6
9,10,34,69.8
9,10,35,66.10000000000001
9,10,36,63.400000000000006
9,10,37,44.300000000000004
9,10,38,43.1
9,10,39,27.900000000000002
9,10,40,21.8
9,10,41,15.9
9,10,42,13.
9,10,43,4.4
9,10,44,1.6
9,10,45,0.6000000000000001
9,10,46,0.2
9,10,47,0.1
9,10,48,0.30000000000000004
9,10,49,1.
9,10,50,0.5
9,10,51,0.4
9,10,52,0.
9,11,1,0.1
9,11,2,1.
9,11,3,0.2
9,11,4,0.
9,11,5,0.1
9,11,6,0.30000000000000004
9,11,7,0.7000000000000001
9,11,8,0.
9,11,9,0.1
9,11,10,0.
9,11,11,0.
9,11,12,0.
9,11,13,0.1
9,11,14,0.
9,11,15,0.
9,11,16,0.
9,11,17,0.
9,11,18,0.
9,11,19,0.4
9,11,20,0.2
9,11,21,0.2
9,11,22,1.1
9,11,23,3.
9,11,24,4.3
9,11,25,7.
9,11,26,14.4
9,11,27,20.3
9,11,28,35.4
9,11,29,37.
9,11,30,48.
9,11,31,55.300000000000004
9,11,32,49.400000000000006
9,11,33,63.5
9,11,34,71.2
9,11,35,71.
9,11,36,68.9
9,11,37,47.6
9,11,38,46.6
9,11,39,29.400000000000002
9,11,40,24.1
9,11,41,17.900000000000002
9,11,42,14.9
9,11,43,5.4
9,11,44,2.1
9,11,45,0.9
9,11,46,0.30000000000000004
9,11,47,0.1
9,11,48,0.30000000000000004
9,11,49,1.
9,11,50,0.5
9,11,51,0.4
9,11,52,0.
9,12,1,0.1
9,12,2,0.8
9,12,3,0.30000000000000004
9,12,4,0.
9,12,5,0.1
9,12,6,0.30000000000000004
9,12,7,0.6000000000000001
9,12,8,0.
9,12,9,0.1
9,12,10,0.
9,12,11,0.
9,12,12,0.1
9,12,13,0.1
9,12,14,0.
9,12,15,0.
9,12,16,0.
9,12,17,0.
9,12,18,0.
9,12,19,0.6000000000000001
9,12,20,0.30000000000000004
9,12,21,0.5
9,12,22,1.7000000000000002
9,12,23,4.2
9,12,24,5.6000000000000005
9,12,25,9.600000000000001
9,12,26,18.900000000000002
9,12,27,26.8
9,12,28,43.2
9,12,29,43.800000000000004
9,12,30,56.1
9,12,31,61.1
9,12,32,56.400000000000006
9,12,33,70.4
9,12,34,78.
9,12,35,77.5
9,12,36,76.4
9,12,37,53.6
9,12,38,52.1
9,12,39,32.800000000000004
9,12,40,27.400000000000002
9,12,41,20.8
9,12,42,17.2
9,12,43,7.2
9,12,44,2.8000000000000003
9,12,45,1.5
9,12,46,0.5
9,12,47,0.2
9,12,48,0.4
9,12,49,1.
9,12,50,0.5
9,12,51,0.4
9,12,52,0.
9,13,1,0.1
9,13,2,0.6000000000000001
9,13,3,0.30000000000000004
9,13,4,0.
9,13,5,0.1
9,13,6,0.30000000000000004
9,13,7,0.7000000000000001
9,13,8,0.
9,13,9,0.1
9,13,10,0.
9,13,11,0.
9,13,12,0.1
9,13,13,0.1
9,13,14,0.
9,13,15,0.1
9,13,16,0.
9,13,17,0.
9,13,18,0.1
9,13,19,0.6000000000000001
9,13,20,0.6000000000000001
9,13,21,0.8
9,13,22,2.8000000000000003
9,13,23,6.1000000000000005
9,13,24,7.1000000000000005
9,13,25,12.700000000000001
9,13,26,24.5
9,13,27,34.1
9,13,28,51.7
9,13,29,50.900000000000006
9,13,30,65.7
9,13,31,69.7
9,13,32,66.3
9,13,33,77.4
9,13,34,86.60000000000001
9,13,35,85.
9,13,36,83.4
9,13,37,62.5
9,13,38,61.
9,13,39,39.7
9,13,40,32.4
9,13,41,25.8
9,13,42,19.900000000000002
9,13,43,10.600000000000001
9,13,44,4.3
9,13,45,2.7
9,13,46,0.8
9,13,47,0.2
9,13,48,0.5
9,13,49,0.9
9,13,50,0.5
9,13,51,0.4
9,13,52,0.
9,14,1,0.
9,14,2,0.5
9,14,3,0.30000000000000004
9,14,4,0.
9,14,5,0.1
9,14,6,0.30000000000000004
9,14,7,0.5
9,14,8,0.
9,14,9,0.
9,14,10,0.
9,14,11,0.
9,14,12,0.1
9,14,13,0.1
9,14,14,0.
9,14,15,0.
9,14,16,0.
9,14,17,0.
9,14,18,0.1
9,14,19,0.6000000000000001
9,14,20,0.5
9,14,21,1.
9,14,22,3.3000000000000003
9,14,23,7.4
9,14,24,8.6
9,14,25,14.3
9,14,26,29.1
9,14,27,39.
9,14,28,57.5
9,14,29,56.300000000000004
9,14,30,73.2
9,14,31,76.3
9,14,32,71.2
9,14,33,79.80000000000001
9,14,34,90.60000000000001
9,14,35,86.5
9,14,36,84.5
9,14,37,65.2
9,14,38,67.2
9,14,39,44.6
9,14,40,34.9
9,14,41,29.900000000000002
9,14,42,22.1
9,14,43,14.
9,14,44,5.9
9,14,45,4.5
9,14,46,1.5
9,14,47,0.2
9,14,48,0.5
9,14,49,0.7000000000000001
9,14,50,0.5
9,14,51,0.4
9,14,52,0.
9,15,1,0.1
9,15,2,0.5
9,15,3,0.2
9,15,4,0.
9,15,5,0.
9,15,6,0.30000000000000004
9,15,7,0.5
9,15,8,0.1
9,15,9,0.
9,15,10,0.
9,15,11,0.
9,15,12,0.1
9,15,13,0.1
9,15,14,0.
9,15,15,0.
9,15,16,0.
9,15,17,0.
9,15,18,0.1
9,15,19,0.6000000000000001
9,15,20,0.6000000000000001
9,15,21,1.1
9,15,22,2.9000000000000004
9,15,23,8.3
9,15,24,10.200000000000001
9,15,25,16.400000000000002
9,15,26,32.2
9,15,27,39.1
9,15,28,63.1
9,15,29,60.6
9,15,30,74.9
9,15,31,83.10000000000001
9,15,32,77.10000000000001
9,15,33,83.60000000000001
9,15,34,94.5
9,15,35,85.30000000000001
9,15,36,85.2
9,15,37,67.2
9,15,38,72.7
9,15,39,47.800000000000004
9,15,40,37.9
9,15,41,34.4
9,15,42,27.400000000000002
9,15,43,18.900000000000002
9,15,44,8.6
9,15,45,6.2
9,15,46,2.2
9,15,47,0.4
9,15,48,0.7000000000000001
9,15,49,0.6000000000000001
9,15,50,0.30000000000000004
9,15,51,0.30000000000000004
9,15,52,0.
9,16,1,0.
9,16,2,0.4
9,16,3,0.2
9,16,4,0.
9,16,5,0.
9,16,6,0.30000000000000004
9,16,7,0.5
9,16,8,0.
9,16,9,0.
9,16,10,0.
9,16,11,0.
9,16,12,0.2
9,16,13,0.
9,16,14,0.
9,16,15,0.
9,16,16,0.
9,16,17,0.
9,16,18,0.1
9,16,19,0.7000000000000001
9,16,20,0.9
9,16,21,0.9
9,16,22,3.4000000000000004
9,16,23,11.3
9,16,24,13.5
9,16,25,21.
9,16,26,36.4
9,16,27,45.7
9,16,28,71.10000000000001
9,16,29,71.8
9,16,30,82.2
9,16,31,94.30000000000001
9,16,32,88.10000000000001
9,16,33,99.60000000000001
9,16,34,100.30000000000001
9,16,35,92.
9,16,36,92.
9,16,37,73.10000000000001
9,16,38,77.
9,16,39,55.2
9,16,40,45.300000000000004
9,16,41,40.400000000000006
9,16,42,36.7
9,16,43,24.200000000000003
9,16,44,14.600000000000001
9,16,45,9.3
9,16,46,3.3000000000000003
9,16,47,0.8
9,16,48,0.9
9,16,49,0.5
9,16,50,0.4
9,16,51,0.30000000000000004
9,16,52,0.
9,17,1,0.
9,17,2,0.5
9,17,3,0.2
9,17,4,0.
9,17,5,0.
9,17,6,0.30000000000000004
9,17,7,0.4
9,17,8,0.
9,17,9,0.
9,17,10,0.
9,17,11,0.
9,17,12,0.30000000000000004
9,17,13,0.
9,17,14,0.
9,17,15,0.
9,17,16,0.
9,17,17,0.
9,17,18,0.1
9,17,19,0.7000000000000001
9,17,20,0.8
9,17,21,0.8
9,17,22,2.4000000000000004
9,17,23,11.600000000000001
9,17,24,12.4
9,17,25,21.700000000000003
9,17,26,38.1
9,17,27,47.400000000000006
9,17,28,74.7
9,17,29,76.
9,17,30,86.60000000000001
9,17,31,98.5
9,17,32,95.
9,17,33,100.
9,17,34,96.80000000000001
9,17,35,92.10000000000001
9,17,36,89.60000000000001
9,17,37,70.3
9,17,38,70.7
9,17,39,52.6
9,17,40,44.300000000000004
9,17,41,39.5
9,17,42,38.400000000000006
9,17,43,26.200000000000003
9,17,44,16.6
9,17,45,9.5
9,17,46,3.5
9,17,47,1.1
9,17,48,1.1
9,17,49,0.5
9,17,50,0.30000000000000004
9,17,51,0.4
9,17,52,0.
9,18,1,0.
9,18,2,0.4
9,18,3,0.1
9,18,4,0.
9,18,5,0.1
9,18,6,0.4
9,18,7,0.30000000000000004
9,18,8,0.
9,18,9,0.
9,18,10,0.
9,18,11,0.
9,18,12,0.2
9,18,13,0.
9,18,14,0.
9,18,15,0.
9,18,16,0.
9,18,17,0.
9,18,18,0.1
9,18,19,0.6000000000000001
9,18,20,0.8
9,18,21,0.6000000000000001
9,18,22,2.3000000000000003
9,18,23,10.200000000000001
9,18,24,12.3
9,18,25,21.3
9,18,26,40.
9,18,27,50.800000000000004
9,18,28,81.4
9,18,29,89.60000000000001
9,18,30,103.2
9,18,31,111.80000000000001
9,18,32,106.
9,18,33,107.4
9,18,34,100.80000000000001
9,18,35,106.60000000000001
9,18,36,96.9
9,18,37,64.2
9,18,38,64.3
9,18,39,46.5
9,18,40,36.800000000000004
9,18,41,33.9
9,18,42,34.1
9,18,43,19.6
9,18,44,13.
9,18,45,7.
9,18,46,2.8000000000000003
9,18,47,0.8
9,18,48,0.9
9,18,49,0.6000000000000001
9,18,50,0.2
9,18,51,0.2
9,18,52,0.
9,19,1,0.
9,19,2,0.5
9,19,3,0.1
9,19,4,0.
9,19,5,0.1
9,19,6,0.4
9,19,7,0.2
9,19,8,0.
9,19,9,0.
9,19,10,0.
9,19,11,0.
9,19,12,0.1
9,19,13,0.
9,19,14,0.
9,19,15,0.
9,19,16,0.
9,19,17,0.
9,19,18,0.1
9,19,19,0.6000000000000001
9,19,20,0.8
9,19,21,1.
9,19,22,3.5
9,19,23,13.
9,19,24,16.400000000000002
9,19,25,26.
9,19,26,49.2
9,19,27,57.6
9,19,28,87.
9,19,29,99.10000000000001
9,19,30,116.
9,19,31,116.30000000000001
9,19,32,110.7
9,19,33,109.
9,19,34,103.60000000000001
9,19,35,118.80000000000001
9,19,36,104.4
9,19,37,66.5
9,19,38,65.4
9,19,39,49.5
9,19,40,38.800000000000004
9,19,41,36.5
9,19,42,35.6
9,19,43,21.3
9,19,44,14.700000000000001
9,19,45,7.7
9,19,46,4.
9,19,47,1.1
9,19,48,1.2000000000000002
9,19,49,0.6000000000000001
9,19,50,0.2
9,19,51,0.1
9,19,52,0.
9,20,1,0.
9,20,2,0.6000000000000001
9,20,3,0.
9,20,4,0.
9,20,5,0.1
9,20,6,0.4
9,20,7,0.30000000000000004
9,20,8,0.
9,20,9,0.
9,20,10,0.
9,20,11,0.
9,20,12,0.2
9,20,13,0.
9,20,14,0.
9,20,15,0.
9,20,16,0.
9,20,17,0.
9,20,18,0.1
9,20,19,1.
9,20,20,1.
9,20,21,1.4000000000000001
9,20,22,4.800000000000001
9,20,23,17.3
9,20,24,21.3
9,20,25,32.7
9,20,26,57.300000000000004
9,20,27,61.300000000000004
9,20,28,88.4
9,20,29,96.9
9,20,30,120.30000000000001
9,20,31,112.10000000000001
9,20,32,110.4
9,20,33,105.
9,20,34,100.2
9,20,35,118.7
9,20,36,101.30000000000001
9,20,37,75.3
9,20,38,70.60000000000001
9,20,39,55.2
9,20,40,45.900000000000006
9,20,41,43.800000000000004
9,20,42,42.1
9,20,43,29.8
9,20,44,21.3
9,20,45,12.
9,20,46,5.9
9,20,47,1.7000000000000002
9,20,48,1.7000000000000002
9,20,49,0.7000000000000001
9,20,50,0.30000000000000004
9,20,51,0.2
9,20,52,0.
10,9,1,0.1
10,9,2,1.4000000000000001
10,9,3,0.2
10,9,4,0.
10,9,5,0.1
10,9,6,0.2
10,9,7,0.7000000000000001
10,9,8,0.
10,9,9,0.1
10,9,10,0.
10,9,11,0.
10,9,12,0.
10,9,13,0.2
10,9,14,0.
10,9,15,0.
10,9,16,0.1
10,9,17,0.
10,9,18,0.1
10,9,19,0.2
10,9,20,0.1
10,9,21,0.1
10,9,22,0.8
10,9,23,2.5
10,9,24,3.7
10,9,25,4.6000000000000005
10,9,26,9.600000000000001
10,9,27,13.8
10,9,28,22.1
10,9,29,24.3
10,9,30,35.1
10,9,31,44.5
10,9,32,41.6
10,9,33,49.800000000000004
10,9,34,63.2
10,9,35,63.300000000000004
10,9,36,54.7
10,9,37,41.7
10,9,38,35.1
10,9,39,24.8
10,9,40,18.8
10,9,41,12.8
10,9,42,11.100000000000001
10,9,43,3.4000000000000004
10,9,44,1.1
10,9,45,0.5
10,9,46,0.1
10,9,47,0.1
10,9,48,0.30000000000000004
10,9,49,1.3
10,9,50,0.5
10,9,51,0.5
10,9,52,0.
10,10,1,0.1
10,10,2,1.2000000000000002
10,10,3,0.2
10,10,4,0.
10,10,5,0.1
10,10,6,0.2
10,10,7,0.6000000000000001
10,10,8,0.
10,10,9,0.1
10,10,10,0.
10,10,11,0.
10,10,12,0.1
10,10,13,0.2
10,10,14,0.
10,10,15,0.
10,10,16,0.1
10,10,17,0.
10,10,18,0.
10,10,19,0.30000000000000004
10,10,20,0.1
10,10,21,0.1
10,10,22,0.9
10,10,23,3.2
10,10,24,4.
10,10,25,6.1000000000000005
10,10,26,12.
10,10,27,16.2
10,10,28,28.700000000000003
10,10,29,29.700000000000003
10,10,30,41.400000000000006
10,10,31,49.6
10,10,32,45.300000000000004
10,10,33,55.
10,10,34,65.2
10,10,35,67.2
10,10,36,61.
10,10,37,46.400000000000006
10,10,38,39.2
10,10,39,25.700000000000003
10,10,40,21.
10,10,41,14.700000000000001
10,10,42,12.200000000000001
10,10,43,4.1000000000000005
10,10,44,1.5
10,10,45,0.7000000000000001
10,10,46,0.2
10,10,47,0.1
10,10,48,0.30000000000000004
10,10,49,1.2000000000000002
10,10,50,0.5
10,10,51,0.4
10,10,52,0.
10,11,1,0.1
10,11,2,0.9
10,11,3,0.2
10,11,4,0.
10,11,5,0.1
10,11,6,0.2
10,11,7,0.6000000000000001
10,11,8,0.
10,11,9,0.1
10,11,10,0.
10,11,11,0.
10,11,12,0.
10,11,13,0.1
10,11,14,0.
10,11,15,0.
10,11,16,0.
10,11,17,0.
10,11,18,0.
10,11,19,0.4
10,11,20,0.30000000000000004
10,11,21,0.2
10,11,22,1.1
10,11,23,4.2
10,11,24,5.
10,11,25,8.1
10,11,26,15.8
10,11,27,21.400000000000002
10,11,28,36.2
10,11,29,37.2
10,11,30,48.6
10,11,31,54.800000000000004
10,11,32,49.2
10,11,33,59.5
10,11,34,68.
10,11,35,71.3
10,11,36,66.4
10,11,37,50.2
10,11,38,43.6
10,11,39,27.
10,11,40,22.900000000000002
10,11,41,17.3
10,11,42,13.8
10,11,43,5.300000000000001
10,11,44,2.1
10,11,45,1.
10,11,46,0.4
10,11,47,0.2
10,11,48,0.4
10,11,49,0.9
10,11,50,0.5
10,11,51,0.4
10,11,52,0.
10,12,1,0.1
10,12,2,0.7000000000000001
10,12,3,0.2
10,12,4,0.
10,12,5,0.1
10,12,6,0.2
10,12,7,0.6000000000000001
10,12,8,0.
10,12,9,0.1
10,12,10,0.
10,12,11,0.
10,12,12,0.1
10,12,13,0.2
10,12,14,0.
10,12,15,0.
10,12,16,0.
10,12,17,0.
10,12,18,0.
10,12,19,0.6000000000000001
10,12,20,0.4
10,12,21,0.5
10,12,22,1.9000000000000001
10,12,23,5.4
10,12,24,6.7
10,12,25,10.9
10,12,26,20.6
10,12,27,28.6
10,12,28,44.800000000000004
10,12,29,44.800000000000004
10,12,30,57.300000000000004
10,12,31,61.1
10,12,32,56.800000000000004
10,12,33,66.5
10,12,34,77.10000000000001
10,12,35,77.30000000000001
10,12,36,73.4
10,12,37,55.6
10,12,38,50.2
10,12,39,30.5
10,12,40,25.900000000000002
10,12,41,20.5
10,12,42,15.8
10,12,43,7.1000000000000005
10,12,44,3.
10,12,45,1.6
10,12,46,0.6000000000000001
10,12,47,0.2
10,12,48,0.6000000000000001
10,12,49,0.9
10,12,50,0.5
10,12,51,0.30000000000000004
10,12,52,0.
10,13,1,0.1
10,13,2,0.4
10,13,3,0.1
10,13,4,0.
10,13,5,0.1
10,13,6,0.2
10,13,7,0.6000000000000001
10,13,8,0.
10,13,9,0.
10,13,10,0.
10,13,11,0.
10,13,12,0.1
10,13,13,0.2
10,13,14,0.
10,13,15,0.
10,13,16,0.
10,13,17,0.
10,13,18,0.1
10,13,19,0.7000000000000001
10,13,20,0.6000000000000001
10,13,21,0.8
10,13,22,3.
10,13,23,6.300000000000001
10,13,24,7.7
10,13,25,13.3
10,13,26,24.8
10,13,27,34.1
10,13,28,52.7
10,13,29,49.2
10,13,30,65.10000000000001
10,13,31,67.7
10,13,32,66.2
10,13,33,73.8
10,13,34,87.4
10,13,35,82.10000000000001
10,13,36,79.9
10,13,37,60.900000000000006
10,13,38,57.900000000000006
10,13,39,35.7
10,13,40,29.400000000000002
10,13,41,24.
10,13,42,17.8
10,13,43,9.3
10,13,44,4.
10,13,45,2.6
10,13,46,1.
10,13,47,0.2
10,13,48,0.7000000000000001
10,13,49,0.9
10,13,50,0.4
10,13,51,0.30000000000000004
10,13,52,0.
10,14,1,0.
10,14,2,0.30000000000000004
10,14,3,0.1
10,14,4,0.
10,14,5,0.
10,14,6,0.30000000000000004
10,14,7,0.6000000000000001
10,14,8,0.
10,14,9,0.
10,14,10,0.
10,14,11,0.
10,14,12,0.1
10,14,13,0.1
10,14,14,0.
10,14,15,0.1
10,14,16,0.
10,14,17,0.
10,14,18,0.1
10,14,19,0.6000000000000001
10,14,20,0.5
10,14,21,1.
10,14,22,3.4000000000000004
10,14,23,7.4
10,14,24,8.6
10,14,25,13.9
10,14,26,28.1
10,14,27,37.5
10,14,28,57.900000000000006
10,14,29,51.6
10,14,30,69.8
10,14,31,73.7
10,14,32,68.7
10,14,33,79.5
10,14,34,92.30000000000001
10,14,35,80.30000000000001
10,14,36,82.7
10,14,37,61.6
10,14,38,62.900000000000006
10,14,39,41.2
10,14,40,32.5
10,14,41,27.5
10,14,42,20.400000000000002
10,14,43,11.8
10,14,44,5.300000000000001
10,14,45,4.1000000000000005
10,14,46,1.4000000000000001
10,14,47,0.2
10,14,48,0.7000000000000001
10,14,49,0.7000000000000001
10,14,50,0.30000000000000004
10,14,51,0.30000000000000004
10,14,52,0.
10,15,1,0.
10,15,2,0.30000000000000004
10,15,3,0.1
10,15,4,0.
10,15,5,0.
10,15,6,0.30000000000000004
10,15,7,0.6000000000000001
10,15,8,0.
10,15,9,0.
10,15,10,0.
10,15,11,0.
10,15,12,0.2
10,15,13,0.
10,15,14,0.
10,15,15,0.1
10,15,16,0.
10,15,17,0.
10,15,18,0.1
10,15,19,0.6000000000000001
10,15,20,0.7000000000000001
10,15,21,1.3
10,15,22,3.6
10,15,23,9.3
10,15,24,10.700000000000001
10,15,25,17.3
10,15,26,34.800000000000004
10,15,27,41.1
10,15,28,62.800000000000004
10,15,29,58.6
10,15,30,75.7
10,15,31,79.4
10,15,32,75.10000000000001
10,15,33,84.30000000000001
10,15,34,97.60000000000001
10,15,35,82.4
10,15,36,86.9
10,15,37,65.
10,15,38,69.10000000000001
10,15,39,45.
10,15,40,36.7
10,15,41,32.300000000000004
10,15,42,25.400000000000002
10,15,43,15.5
10,15,44,7.300000000000001
10,15,45,5.6000000000000005
10,15,46,2.
10,15,47,0.4
10,15,48,0.6000000000000001
10,15,49,0.7000000000000001
10,15,50,0.30000000000000004
10,15,51,0.30000000000000004
10,15,52,0.
10,16,1,0.
10,16,2,0.30000000000000004
10,16,3,0.1
10,16,4,0.
10,16,5,0.
10,16,6,0.30000000000000004
10,16,7,0.5
10,16,8,0.
10,16,9,0.
10,16,10,0.
10,16,11,0.
10,16,12,0.2
10,16,13,0.
10,16,14,0.
10,16,15,0.
10,16,16,0.
10,16,17,0.
10,16,18,0.1
10,16,19,0.8
10,16,20,1.
10,16,21,1.4000000000000001
10,16,22,4.2
10,16,23,12.5
10,16,24,12.100000000000001
10,16,25,19.400000000000002
10,16,26,37.9
10,16,27,44.6
10,16,28,72.
10,16,29,65.7
10,16,30,79.80000000000001
10,16,31,88.80000000000001
10,16,32,85.4
10,16,33,95.80000000000001
10,16,34,100.10000000000001
10,16,35,92.
10,16,36,91.9
10,16,37,71.4
10,16,38,75.10000000000001
10,16,39,51.800000000000004
10,16,40,41.300000000000004
10,16,41,38.
10,16,42,33.4
10,16,43,22.200000000000003
10,16,44,12.200000000000001
10,16,45,8.5
10,16,46,2.9000000000000004
10,16,47,0.8
10,16,48,0.8
10,16,49,0.7000000000000001
10,16,50,0.30000000000000004
10,16,51,0.5
10,16,52,0.
10,17,1,0.
10,17,2,0.4
10,17,3,0.1
10,17,4,0.
10,17,5,0.1
10,17,6,0.4
10,17,7,0.5
10,17,8,0.1
10,17,9,0.
10,17,10,0.
10,17,11,0.
10,17,12,0.30000000000000004
10,17,13,0.
10,17,14,0.
10,17,15,0.
10,17,16,0.
10,17,17,0.
10,17,18,0.1
10,17,19,0.7000000000000001
10,17,20,0.8
10,17,21,1.1
10,17,22,3.3000000000000003
10,17,23,12.700000000000001
10,17,24,11.9
10,17,25,20.400000000000002
10,17,26,39.300000000000004
10,17,27,44.
10,17,28,77.
10,17,29,72.3
10,17,30,84.10000000000001
10,17,31,96.7
10,17,32,92.80000000000001
10,17,33,100.4
10,17,34,96.9
10,17,35,93.
10,17,36,88.80000000000001
10,17,37,70.60000000000001
10,17,38,69.10000000000001
10,17,39,50.800000000000004
10,17,40,40.5
10,17,41,37.4
10,17,42,37.
10,17,43,22.5
10,17,44,14.
10,17,45,9.3
10,17,46,2.8000000000000003
10,17,47,0.8
10,17,48,1.
10,17,49,0.6000000000000001
10,17,50,0.30000000000000004
10,17,51,0.30000000000000004
10,17,52,0.
10,18,1,0.
10,18,2,0.5
10,18,3,0.1
10,18,4,0.
10,18,5,0.
10,18,6,0.4
10,18,7,0.30000000000000004
10,18,8,0.
10,18,9,0.
10,18,10,0.
10,18,11,0.
10,18,12,0.2
10,18,13,0.
10,18,14,0.
10,18,15,0.
10,18,16,0.
10,18,17,0.
10,18,18,0.1
10,18,19,0.7000000000000001
10,18,20,1.
10,18,21,1.
10,18,22,3.3000000000000003
10,18,23,12.4
10,18,24,13.5
10,18,25,22.200000000000003
10,18,26,41.300000000000004
10,18,27,49.800000000000004
10,18,28,86.
10,18,29,88.4
10,18,30,103.2
10,18,31,113.10000000000001
10,18,32,107.
10,18,33,110.4
10,18,34,102.60000000000001
10,18,35,106.5
10,18,36,98.30000000000001
10,18,37,67.5
10,18,38,63.
10,18,39,45.800000000000004
10,18,40,37.6
10,18,41,33.300000000000004
10,18,42,34.
10,18,43,19.700000000000003
10,18,44,12.700000000000001
10,18,45,7.2
10,18,46,3.1
10,18,47,0.9
10,18,48,1.2000000000000002
10,18,49,0.5
10,18,50,0.2
10,18,51,0.1
10,18,52,0.
10,19,1,0.
10,19,2,0.5
10,19,3,0.
10,19,4,0.
10,19,5,0.1
10,19,6,0.4
10,19,7,0.2
10,19,8,0.
10,19,9,0.
10,19,10,0.
10,19,11,0.
10,19,12,0.2
10,19,13,0.
10,19,14,0.
10,19,15,0.
10,19,16,0.
10,19,17,0.
10,19,18,0.1
10,19,19,0.8
10,19,20,1.
10,19,21,1.3
10,19,22,3.9000000000000004
10,19,23,14.600000000000001
10,19,24,17.6
10,19,25,26.
10,19,26,49.800000000000004
10,19,27,56.
10,19,28,89.4
10,19,29,99.4
10,19,30,117.5
10,19,31,118.
10,19,32,114.5
10,19,33,111.10000000000001
10,19,34,104.4
10,19,35,116.10000000000001
10,19,36,104.30000000000001
10,19,37,66.3
10,19,38,62.300000000000004
10,19,39,46.
10,19,40,37.800000000000004
10,19,41,33.300000000000004
10,19,42,32.5
10,19,43,20.200000000000003
10,19,44,14.100000000000001
10,19,45,7.
10,19,46,4.
10,19,47,1.3
10,19,48,1.2000000000000002
10,19,49,0.6000000000000001
10,19,50,0.2
10,19,51,0.1
10,19,52,0.
10,20,1,0.
10,20,2,0.4
10,20,3,0.
10,20,4,0.
10,20,5,0.1
10,20,6,0.30000000000000004
10,20,7,0.2
10,20,8,0.1
10,20,9,0.
10,20,10,0.
10,20,11,0.
10,20,12,0.2
10,20,13,0.
10,20,14,0.
10,20,15,0.
10,20,16,0.
10,20,17,0.1
10,20,18,0.1
10,20,19,0.9
10,20,20,1.2000000000000002
10,20,21,1.8
10,20,22,5.300000000000001
10,20,23,18.900000000000002
10,20,24,22.3
10,20,25,31.1
10,20,26,58.
10,20,27,62.1
10,20,28,90.2
10,20,29,103.7
10,20,30,127.9
10,20,31,118.
10,20,32,121.2
10,20,33,109.2
10,20,34,104.7
10,20,35,116.30000000000001
10,20,36,104.30000000000001
10,20,37,70.8
10,20,38,65.60000000000001
10,20,39,51.
10,20,40,40.300000000000004
10,20,41,37.2
10,20,42,34.800000000000004
10,20,43,23.5
10,20,44,16.5
10,20,45,8.6
10,20,46,5.
10,20,47,1.6
10,20,48,1.5
10,20,49,0.7000000000000001
10,20,50,0.30000000000000004
10,20,51,0.1
10,20,52,0.
11,9,1,0.1
11,9,2,1.3
11,9,3,0.2
11,9,4,0.
11,9,5,0.1
11,9,6,0.2
11,9,7,0.6000000000000001
11,9,8,0.
11,9,9,0.1
11,9,10,0.
11,9,11,0.
11,9,12,0.
11,9,13,0.2
11,9,14,0.
11,9,15,0.
11,9,16,0.1
11,9,17,0.
11,9,18,0.1
11,9,19,0.2
11,9,20,0.2
11,9,21,0.30000000000000004
11,9,22,1.1
11,9,23,3.4000000000000004
11,9,24,3.9000000000000004
11,9,25,4.6000000000000005
11,9,26,10.9
11,9,27,14.
11,9,28,22.6
11,9,29,25.200000000000003
11,9,30,34.1
11,9,31,45.
11,9,32,42.2
11,9,33,45.2
11,9,34,60.300000000000004
11,9,35,60.800000000000004
11,9,36,53.900000000000006
11,9,37,41.300000000000004
11,9,38,33.6
11,9,39,24.5
11,9,40,18.2
11,9,41,13.5
11,9,42,10.600000000000001
11,9,43,3.1
11,9,44,1.2000000000000002
11,9,45,0.7000000000000001
11,9,46,0.2
11,9,47,0.2
11,9,48,0.30000000000000004
11,9,49,1.1
11,9,50,0.5
11,9,51,0.5
11,9,52,0.
11,10,1,0.1
11,10,2,1.2000000000000002
11,10,3,0.2
11,10,4,0.
11,10,5,0.1
11,10,6,0.2
11,10,7,0.6000000000000001
11,10,8,0.
11,10,9,0.1
11,10,10,0.
11,10,11,0.
11,10,12,0.1
11,10,13,0.1
11,10,14,0.
11,10,15,0.
11,10,16,0.
11,10,17,0.
11,10,18,0.1
11,10,19,0.30000000000000004
11,10,20,0.2
11,10,21,0.30000000000000004
11,10,22,1.2000000000000002
11,10,23,3.9000000000000004
11,10,24,4.2
11,10,25,6.4
11,10,26,13.700000000000001
11,10,27,17.400000000000002
11,10,28,29.3
11,10,29,29.5
11,10,30,40.1
11,10,31,50.6
11,10,32,46.2
11,10,33,51.300000000000004
11,10,34,63.300000000000004
11,10,35,65.4
11,10,36,60.800000000000004
11,10,37,46.6
11,10,38,37.2
11,10,39,24.900000000000002
11,10,40,20.1
11,10,41,14.700000000000001
11,10,42,11.700000000000001
11,10,43,3.8000000000000003
11,10,44,1.4000000000000001
11,10,45,0.9
11,10,46,0.30000000000000004
11,10,47,0.2
11,10,48,0.30000000000000004
11,10,49,1.
11,10,50,0.5
11,10,51,0.4
11,10,52,0.
11,11,1,0.1
11,11,2,0.9
11,11,3,0.2
11,11,4,0.
11,11,5,0.1
11,11,6,0.2
11,11,7,0.6000000000000001
11,11,8,0.
11,11,9,0.1
11,11,10,0.
11,11,11,0.
11,11,12,0.1
11,11,13,0.2
11,11,14,0.
11,11,15,0.
11,11,16,0.
11,11,17,0.
11,11,18,0.
11,11,19,0.5
11,11,20,0.4
11,11,21,0.4
11,11,22,1.7000000000000002
11,11,23,4.9
11,11,24,5.5
11,11,25,8.6
11,11,26,18.3
11,11,27,23.
11,11,28,38.5
11,11,29,36.5
11,11,30,48.
11,11,31,56.7
11,11,32,51.300000000000004
11,11,33,57.
11,11,34,68.10000000000001
11,11,35,73.5
11,11,36,65.5
11,11,37,51.400000000000006
11,11,38,42.300000000000004
11,11,39,27.6
11,11,40,22.1
11,11,41,16.8
11,11,42,13.100000000000001
11,11,43,5.1000000000000005
11,11,44,2.2
11,11,45,1.3
11,11,46,0.5
11,11,47,0.2
11,11,48,0.30000000000000004
11,11,49,1.
11,11,50,0.5
11,11,51,0.4
11,11,52,0.
11,12,1,0.1
11,12,2,0.6000000000000001
11,12,3,0.2
11,12,4,0.
11,12,5,0.
11,12,6,0.2
11,12,7,0.6000000000000001
11,12,8,0.
11,12,9,0.1
11,12,10,0.
11,12,11,0.
11,12,12,0.1
11,12,13,0.2
11,12,14,0.
11,12,15,0.
11,12,16,0.
11,12,17,0.
11,12,18,0.
11,12,19,0.6000000000000001
11,12,20,0.6000000000000001
11,12,21,0.7000000000000001
11,12,22,2.5
11,12,23,6.300000000000001
11,12,24,7.5
11,12,25,11.3
11,12,26,23.1
11,12,27,29.700000000000003
11,12,28,47.6
11,12,29,45.
11,12,30,56.800000000000004
11,12,31,63.7
11,12,32,59.
11,12,33,63.6
11,12,34,76.80000000000001
11,12,35,81.10000000000001
11,12,36,70.10000000000001
11,12,37,55.5
11,12,38,49.400000000000006
11,12,39,32.4
11,12,40,25.1
11,12,41,20.5
11,12,42,14.8
11,12,43,6.9
11,12,44,3.1
11,12,45,1.8
11,12,46,0.8
11,12,47,0.30000000000000004
11,12,48,0.4
11,12,49,0.8
11,12,50,0.5
11,12,51,0.4
11,12,52,0.
11,13,1,0.1
11,13,2,0.4
11,13,3,0.1
11,13,4,0.
11,13,5,0.
11,13,6,0.2
11,13,7,0.5
11,13,8,0.
11,13,9,0.
11,13,10,0.
11,13,11,0.
11,13,12,0.1
11,13,13,0.1
11,13,14,0.
11,13,15,0.1
11,13,16,0.
11,13,17,0.
11,13,18,0.1
11,13,19,0.6000000000000001
11,13,20,0.6000000000000001
11,13,21,0.9
11,13,22,3.1
11,13,23,7.300000000000001
11,13,24,8.4
11,13,25,13.600000000000001
11,13,26,25.400000000000002
11,13,27,33.800000000000004
11,13,28,53.
11,13,29,49.800000000000004
11,13,30,63.
11,13,31,69.2
11,13,32,66.10000000000001
11,13,33,70.7
11,13,34,82.9
11,13,35,82.5
11,13,36,73.2
11,13,37,56.900000000000006
11,13,38,55.300000000000004
11,13,39,36.5
11,13,40,28.1
11,13,41,23.6
11,13,42,16.3
11,13,43,8.6
11,13,44,3.6
11,13,45,2.3000000000000003
11,13,46,0.9
11,13,47,0.2
11,13,48,0.4
11,13,49,0.7000000000000001
11,13,50,0.4
11,13,51,0.30000000000000004
11,13,52,0.
11,14,1,0.
11,14,2,0.30000000000000004
11,14,3,0.1
11,14,4,0.
11,14,5,0.
11,14,6,0.2
11,14,7,0.4
11,14,8,0.
11,14,9,0.
11,14,10,0.
11,14,11,0.
11,14,12,0.2
11,14,13,0.
11,14,14,0.
11,14,15,0.
11,14,16,0.
11,14,17,0.
11,14,18,0.1
11,14,19,0.5
11,14,20,0.6000000000000001
11,14,21,1.
11,14,22,2.7
11,14,23,8.
11,14,24,8.9
11,14,25,13.9
11,14,26,27.400000000000002
11,14,27,35.
11,14,28,56.300000000000004
11,14,29,50.800000000000004
11,14,30,67.4
11,14,31,72.4
11,14,32,66.4
11,14,33,75.5
11,14,34,84.60000000000001
11,14,35,79.7
11,14,36,75.5
11,14,37,57.300000000000004
11,14,38,60.1
11,14,39,38.800000000000004
11,14,40,30.8
11,14,41,25.
11,14,42,18.1
11,14,43,10.3
11,14,44,4.2
11,14,45,3.3000000000000003
11,14,46,1.2000000000000002
11,14,47,0.2
11,14,48,0.4
11,14,49,0.8
11,14,50,0.4
11,14,51,0.30000000000000004
11,14,52,0.
11,15,1,0.
11,15,2,0.4
11,15,3,0.1
11,15,4,0.
11,15,5,0.
11,15,6,0.30000000000000004
11,15,7,0.4
11,15,8,0.
11,15,9,0.
11,15,10,0.
11,15,11,0.
11,15,12,0.2
11,15,13,0.
11,15,14,0.
11,15,15,0.
11,15,16,0.
11,15,17,0.
11,15,18,0.1
11,15,19,0.5
11,15,20,0.8
11,15,21,1.6
11,15,22,3.7
11,15,23,11.
11,15,24,11.
11,15,25,17.3
11,15,26,34.300000000000004
11,15,27,40.6
11,15,28,62.
11,15,29,59.900000000000006
11,15,30,76.
11,15,31,80.9
11,15,32,76.80000000000001
11,15,33,85.7
11,15,34,94.30000000000001
11,15,35,83.30000000000001
11,15,36,85.30000000000001
11,15,37,66.5
11,15,38,73.10000000000001
11,15,39,44.5
11,15,40,36.
11,15,41,32.
11,15,42,25.1
11,15,43,14.4
11,15,44,6.7
11,15,45,5.2
11,15,46,2.1
11,15,47,0.30000000000000004
11,15,48,0.4
11,15,49,0.8
11,15,50,0.30000000000000004
11,15,51,0.4
11,15,52,0.
11,16,1,0.
11,16,2,0.30000000000000004
11,16,3,0.1
11,16,4,0.
11,16,5,0.1
11,16,6,0.4
11,16,7,0.5
11,16,8,0.1
11,16,9,0.
11,16,10,0.
11,16,11,0.
11,16,12,0.2
11,16,13,0.
11,16,14,0.1
11,16,15,0.
11,16,16,0.
11,16,17,0.
11,16,18,0.1
11,16,19,1.
11,16,20,1.1
11,16,21,1.8
11,16,22,5.1000000000000005
11,16,23,14.
11,16,24,13.9
11,16,25,22.5
11,16,26,40.800000000000004
11,16,27,48.6
11,16,28,76.2
11,16,29,70.7
11,16,30,85.4
11,16,31,91.
11,16,32,85.4
11,16,33,96.10000000000001
11,16,34,101.4
11,16,35,95.60000000000001
11,16,36,93.2
11,16,37,73.7
11,16,38,79.10000000000001
11,16,39,52.1
11,16,40,41.300000000000004
11,16,41,38.900000000000006
11,16,42,31.700000000000003
11,16,43,21.400000000000002
11,16,44,10.5
11,16,45,7.800000000000001
11,16,46,2.8000000000000003
11,16,47,0.6000000000000001
11,16,48,0.8
11,16,49,0.8
11,16,50,0.30000000000000004
11,16,51,0.2
11,16,52,0.
11,17,1,0.
11,17,2,0.4
11,17,3,0.
11,17,4,0.
11,17,5,0.1
11,17,6,0.5
11,17,7,0.5
11,17,8,0.1
11,17,9,0.
11,17,10,0.
11,17,11,0.
11,17,12,0.30000000000000004
11,17,13,0.
11,17,14,0.
11,17,15,0.
11,17,16,0.
11,17,17,0.1
11,17,18,0.1
11,17,19,0.9
11,17,20,1.1
11,17,21,1.6
11,17,22,5.2
11,17,23,15.700000000000001
11,17,24,15.3
11,17,25,26.3
11,17,26,45.900000000000006
11,17,27,50.5
11,17,28,83.4
11,17,29,77.2
11,17,30,90.60000000000001
11,17,31,96.9
11,17,32,90.7
11,17,33,104.10000000000001
11,17,34,99.4
11,17,35,98.80000000000001
11,17,36,91.7
11,17,37,73.7
11,17,38,75.3
11,17,39,53.300000000000004
11,17,40,42.400000000000006
11,17,41,39.400000000000006
11,17,42,35.7
11,17,43,23.6
11,17,44,13.9
11,17,45,10.600000000000001
11,17,46,3.9000000000000004
11,17,47,1.1
11,17,48,1.
11,17,49,0.8
11,17,50,0.30000000000000004
11,17,51,0.1
11,17,52,0.
11,18,1,0.
11,18,2,0.30000000000000004
11,18,3,0.
11,18,4,0.
11,18,5,0.1
11,18,6,0.4
11,18,7,0.5
11,18,8,0.1
11,18,9,0.
11,18,10,0.
11,18,11,0.
11,18,12,0.4
11,18,13,0.
11,18,14,0.
11,18,15,0.
11,18,16,0.
11,18,17,0.
11,18,18,0.2
11,18,19,1.1
11,18,20,1.4000000000000001
11,18,21,1.7000000000000002
11,18,22,4.800000000000001
11,18,23,16.1
11,18,24,15.700000000000001
11,18,25,25.3
11,18,26,46.6
11,18,27,49.300000000000004
11,18,28,85.10000000000001
11,18,29,78.80000000000001
11,18,30,98.10000000000001
11,18,31,102.
11,18,32,100.10000000000001
11,18,33,106.80000000000001
11,18,34,96.30000000000001
11,18,35,101.7
11,18,36,96.80000000000001
11,18,37,72.60000000000001
11,18,38,68.5
11,18,39,52.
11,18,40,42.7
11,18,41,39.7
11,18,42,37.800000000000004
11,18,43,25.900000000000002
11,18,44,17.2
11,18,45,10.5
11,18,46,4.7
11,18,47,1.4000000000000001
11,18,48,1.4000000000000001
11,18,49,0.7000000000000001
11,18,50,0.4
11,18,51,0.1
11,18,52,0.1
11,19,1,0.
11,19,2,0.30000000000000004
11,19,3,0.
11,19,4,0.
11,19,5,0.1
11,19,6,0.4
11,19,7,0.4
11,19,8,0.1
11,19,9,0.
11,19,10,0.
11,19,11,0.
11,19,12,0.4
11,19,13,0.
11,19,14,0.
11,19,15,0.
11,19,16,0.
11,19,17,0.
11,19,18,0.2
11,19,19,1.1
11,19,20,1.4000000000000001
11,19,21,2.1
11,19,22,5.6000000000000005
11,19,23,18.400000000000002
11,19,24,20.1
11,19,25,28.8
11,19,26,53.6
11,19,27,56.2
11,19,28,91.5
11,19,29,95.60000000000001
11,19,30,120.5
11,19,31,117.7
11,19,32,119.5
11,19,33,116.
11,19,34,105.9
11,19,35,114.5
11,19,36,108.4
11,19,37,72.60000000000001
11,19,38,67.60000000000001
11,19,39,50.800000000000004
11,19,40,42.5
11,19,41,38.7
11,19,42,36.7
11,19,43,25.400000000000002
11,19,44,18.1
11,19,45,9.8
11,19,46,5.2
11,19,47,1.7000000000000002
11,19,48,1.4000000000000001
11,19,49,0.8
11,19,50,0.30000000000000004
11,19,51,0.1
11,19,52,0.1
11,20,1,0.
11,20,2,0.2
11,20,3,0.
11,20,4,0.
11,20,5,0.1
11,20,6,0.30000000000000004
11,20,7,0.2
11,20,8,0.1
11,20,9,0.
11,20,10,0.
11,20,11,0.
11,20,12,0.30000000000000004
11,20,13,0.
11,20,14,0.
11,20,15,0.
11,20,16,0.
11,20,17,0.1
11,20,18,0.2
11,20,19,1.2000000000000002
11,20,20,1.4000000000000001
11,20,21,2.8000000000000003
11,20,22,6.9
11,20,23,21.8
11,20,24,24.400000000000002
11,20,25,32.9
11,20,26,60.400000000000006
11,20,27,63.800000000000004
11,20,28,96.7
11,20,29,111.9
11,20,30,140.1
11,20,31,129.3
11,20,32,137.8
11,20,33,120.4
11,20,34,114.4
11,20,35,121.9
11,20,36,115.5
11,20,37,74.4
11,20,38,70.60000000000001
11,20,39,52.5
11,20,40,42.2
11,20,41,39.400000000000006
11,20,42,36.7
11,20,43,25.700000000000003
11,20,44,17.6
11,20,45,10.100000000000001
11,20,46,5.4
11,20,47,2.1
11,20,48,1.9000000000000001
11,20,49,0.9
11,20,50,0.30000000000000004
11,20,51,0.1
11,20,52,0.
12,9,1,0.1
12,9,2,1.
12,9,3,0.2
12,9,4,0.
12,9,5,0.1
12,9,6,0.1
12,9,7,0.7000000000000001
12,9,8,0.
12,9,9,0.1
12,9,10,0.
12,9,11,0.
12,9,12,0.
12,9,13,0.2
12,9,14,0.
12,9,15,0.
12,9,16,0.
12,9,17,0.
12,9,18,0.1
12,9,19,0.30000000000000004
12,9,20,0.30000000000000004
12,9,21,0.30000000000000004
12,9,22,1.6
12,9,23,3.2
12,9,24,4.1000000000000005
12,9,25,4.800000000000001
12,9,26,11.5
12,9,27,14.200000000000001
12,9,28,22.700000000000003
12,9,29,24.200000000000003
12,9,30,33.5
12,9,31,42.900000000000006
12,9,32,41.5
12,9,33,43.6
12,9,34,58.6
12,9,35,59.
12,9,36,52.2
12,9,37,38.7
12,9,38,31.
12,9,39,23.900000000000002
12,9,40,17.400000000000002
12,9,41,13.200000000000001
12,9,42,9.9
12,9,43,2.8000000000000003
12,9,44,1.2000000000000002
12,9,45,0.7000000000000001
12,9,46,0.30000000000000004
12,9,47,0.1
12,9,48,0.30000000000000004
12,9,49,1.
12,9,50,0.5
12,9,51,0.4
12,9,52,0.
12,10,1,0.1
12,10,2,0.8
12,10,3,0.2
12,10,4,0.
12,10,5,0.1
12,10,6,0.1
12,10,7,0.6000000000000001
12,10,8,0.
12,10,9,0.1
12,10,10,0.
12,10,11,0.
12,10,12,0.1
12,10,13,0.1
12,10,14,0.
12,10,15,0.
12,10,16,0.
12,10,17,0.
12,10,18,0.
12,10,19,0.30000000000000004
12,10,20,0.30000000000000004
12,10,21,0.4
12,10,22,1.7000000000000002
12,10,23,3.7
12,10,24,4.3
12,10,25,6.4
12,10,26,14.3
12,10,27,17.7
12,10,28,28.5
12,10,29,28.700000000000003
12,10,30,39.2
12,10,31,49.7
12,10,32,45.2
12,10,33,48.
12,10,34,61.400000000000006
12,10,35,63.2
12,10,36,57.800000000000004
12,10,37,44.5
12,10,38,34.
12,10,39,25.
12,10,40,18.400000000000002
12,10,41,13.9
12,10,42,10.4
12,10,43,3.2
12,10,44,1.3
12,10,45,1.1
12,10,46,0.4
12,10,47,0.2
12,10,48,0.2
12,10,49,0.9
12,10,50,0.5
12,10,51,0.4
12,10,52,0.
12,11,1,0.1
12,11,2,0.6000000000000001
12,11,3,0.2
12,11,4,0.
12,11,5,0.
12,11,6,0.1
12,11,7,0.5
12,11,8,0.
12,11,9,0.1
12,11,10,0.
12,11,11,0.
12,11,12,0.1
12,11,13,0.1
12,11,14,0.
12,11,15,0.
12,11,16,0.
12,11,17,0.
12,11,18,0.
12,11,19,0.4
12,11,20,0.5
12,11,21,0.7000000000000001
12,11,22,2.1
12,11,23,4.800000000000001
12,11,24,5.6000000000000005
12,11,25,8.6
12,11,26,18.3
12,11,27,23.400000000000002
12,11,28,37.5
12,11,29,35.4
12,11,30,47.
12,11,31,56.6
12,11,32,50.300000000000004
12,11,33,53.300000000000004
12,11,34,65.4
12,11,35,70.9
12,11,36,62.800000000000004
12,11,37,49.1
12,11,38,39.300000000000004
12,11,39,27.5
12,11,40,20.400000000000002
12,11,41,16.2
12,11,42,12.200000000000001
12,11,43,4.5
12,11,44,2.
12,11,45,1.5
12,11,46,0.5
12,11,47,0.30000000000000004
12,11,48,0.2
12,11,49,0.8
12,11,50,0.5
12,11,51,0.4
12,11,52,0.
12,12,1,0.1
12,12,2,0.4
12,12,3,0.1
12,12,4,0.
12,12,5,0.
12,12,6,0.1
12,12,7,0.5
12,12,8,0.
12,12,9,0.
12,12,10,0.
12,12,11,0.
12,12,12,0.1
12,12,13,0.1
12,12,14,0.
12,12,15,0.1
12,12,16,0.
12,12,17,0.
12,12,18,0.1
12,12,19,0.5
12,12,20,0.7000000000000001
12,12,21,1.1
12,12,22,2.9000000000000004
12,12,23,6.800000000000001
12,12,24,7.5
12,12,25,11.4
12,12,26,22.1
12,12,27,29.1
12,12,28,46.800000000000004
12,12,29,42.900000000000006
12,12,30,55.400000000000006
12,12,31,65.4
12,12,32,57.900000000000006
12,12,33,60.400000000000006
12,12,34,71.9
12,12,35,78.80000000000001
12,12,36,68.2
12,12,37,52.7
12,12,38,46.5
12,12,39,32.2
12,12,40,24.400000000000002
12,12,41,20.1
12,12,42,14.600000000000001
12,12,43,6.300000000000001
12,12,44,2.8000000000000003
12,12,45,1.7000000000000002
12,12,46,0.6000000000000001
12,12,47,0.30000000000000004
12,12,48,0.2
12,12,49,0.6000000000000001
12,12,50,0.4
12,12,51,0.4
12,12,52,0.
12,13,1,0.
12,13,2,0.30000000000000004
12,13,3,0.1
12,13,4,0.1
12,13,5,0.
12,13,6,0.1
12,13,7,0.30000000000000004
12,13,8,0.
12,13,9,0.
12,13,10,0.
12,13,11,0.
12,13,12,0.1
12,13,13,0.1
12,13,14,0.
12,13,15,0.1
12,13,16,0.
12,13,17,0.
12,13,18,0.1
12,13,19,0.5
12,13,20,0.7000000000000001
12,13,21,1.3
12,13,22,3.3000000000000003
12,13,23,8.1
12,13,24,8.6
12,13,25,13.5
12,13,26,24.700000000000003
12,13,27,32.300000000000004
12,13,28,52.
12,13,29,47.5
12,13,30,61.300000000000004
12,13,31,71.4
12,13,32,63.7
12,13,33,67.4
12,13,34,77.80000000000001
12,13,35,80.30000000000001
12,13,36,71.10000000000001
12,13,37,54.7
12,13,38,52.400000000000006
12,13,39,36.2
12,13,40,27.700000000000003
12,13,41,22.400000000000002
12,13,42,15.9
12,13,43,7.7
12,13,44,3.
12,13,45,2.1
12,13,46,0.8
12,13,47,0.30000000000000004
12,13,48,0.2
12,13,49,0.5
12,13,50,0.30000000000000004
12,13,51,0.30000000000000004
12,13,52,0.
12,14,1,0.
12,14,2,0.30000000000000004
12,14,3,0.1
12,14,4,0.
12,14,5,0.
12,14,6,0.2
12,14,7,0.30000000000000004
12,14,8,0.
12,14,9,0.
12,14,10,0.
12,14,11,0.
12,14,12,0.1
12,14,13,0.
12,14,14,0.
12,14,15,0.
12,14,16,0.
12,14,17,0.
12,14,18,0.2
12,14,19,0.6000000000000001
12,14,20,0.6000000000000001
12,14,21,1.3
12,14,22,3.5
12,14,23,8.700000000000001
12,14,24,10.700000000000001
12,14,25,14.600000000000001
12,14,26,27.400000000000002
12,14,27,35.9
12,14,28,56.800000000000004
12,14,29,51.400000000000006
12,14,30,69.
12,14,31,72.10000000000001
12,14,32,65.9
12,14,33,72.9
12,14,34,82.10000000000001
12,14,35,80.2
12,14,36,72.8
12,14,37,58.5
12,14,38,58.400000000000006
12,14,39,39.
12,14,40,31.1
12,14,41,24.6
12,14,42,18.7
12,14,43,10.5
12,14,44,4.6000000000000005
12,14,45,3.1
12,14,46,1.1
12,14,47,0.30000000000000004
12,14,48,0.30000000000000004
12,14,49,0.7000000000000001
12,14,50,0.30000000000000004
12,14,51,0.30000000000000004
12,14,52,0.
12,15,1,0.
12,15,2,0.4
12,15,3,0.1
12,15,4,0.
12,15,5,0.
12,15,6,0.30000000000000004
12,15,7,0.5
12,15,8,0.
12,15,9,0.
12,15,10,0.
12,15,11,0.
12,15,12,0.2
12,15,13,0.1
12,15,14,0.
12,15,15,0.
12,15,16,0.
12,15,17,0.
12,15,18,0.1
12,15,19,0.7000000000000001
12,15,20,0.9
12,15,21,2.1
12,15,22,4.800000000000001
12,15,23,12.700000000000001
12,15,24,12.8
12,15,25,19.200000000000003
12,15,26,34.7
12,15,27,43.6
12,15,28,64.10000000000001
12,15,29,60.300000000000004
12,15,30,76.5
12,15,31,79.10000000000001
12,15,32,73.8
12,15,33,81.
12,15,34,89.2
12,15,35,87.
12,15,36,80.5
12,15,37,69.10000000000001
12,15,38,69.8
12,15,39,44.7
12,15,40,36.800000000000004
12,15,41,31.1
12,15,42,22.8
12,15,43,14.
12,15,44,6.4
12,15,45,4.9
12,15,46,1.8
12,15,47,0.30000000000000004
12,15,48,0.5
12,15,49,0.6000000000000001
12,15,50,0.30000000000000004
12,15,51,0.30000000000000004
12,15,52,0.
12,16,1,0.
12,16,2,0.30000000000000004
12,16,3,0.
12,16,4,0.
12,16,5,0.1
12,16,6,0.5
12,16,7,0.5
12,16,8,0.1
12,16,9,0.
12,16,10,0.
12,16,11,0.
12,16,12,0.30000000000000004
12,16,13,0.
12,16,14,0.1
12,16,15,0.
12,16,16,0.1
12,16,17,0.
12,16,18,0.2
12,16,19,1.2000000000000002
12,16,20,1.5
12,16,21,2.4000000000000004
12,16,22,5.4
12,16,23,14.4
12,16,24,15.
12,16,25,22.400000000000002
12,16,26,40.1
12,16,27,46.300000000000004
12,16,28,72.9
12,16,29,68.2
12,16,30,84.60000000000001
12,16,31,87.30000000000001
12,16,32,80.5
12,16,33,89.4
12,16,34,94.2
12,16,35,97.
12,16,36,85.
12,16,37,71.3
12,16,38,73.4
12,16,39,50.300000000000004
12,16,40,38.5
12,16,41,35.300000000000004
12,16,42,28.6
12,16,43,19.200000000000003
12,16,44,9.4
12,16,45,7.300000000000001
12,16,46,2.8000000000000003
12,16,47,0.5
12,16,48,0.8
12,16,49,0.7000000000000001
12,16,50,0.30000000000000004
12,16,51,0.1
12,16,52,0.1
12,17,1,0.
12,17,2,0.2
12,17,3,0.
12,17,4,0.
12,17,5,0.1
12,17,6,0.6000000000000001
12,17,7,0.5
12,17,8,0.1
12,17,9,0.
12,17,10,0.
12,17,11,0.
12,17,12,0.30000000000000004
12,17,13,0.
12,17,14,0.1
12,17,15,0.
12,17,16,0.
12,17,17,0.
12,17,18,0.2
12,17,19,1.1
12,17,20,1.5
12,17,21,2.3000000000000003
12,17,22,5.4
12,17,23,15.9
12,17,24,15.700000000000001
12,17,25,24.900000000000002
12,17,26,41.400000000000006
12,17,27,46.300000000000004
12,17,28,76.
12,17,29,73.9
12,17,30,90.2
12,17,31,89.7
12,17,32,87.2
12,17,33,98.7
12,17,34,97.
12,17,35,100.80000000000001
12,17,36,85.60000000000001
12,17,37,68.60000000000001
12,17,38,72.4
12,17,39,50.
12,17,40,40.800000000000004
12,17,41,37.
12,17,42,30.400000000000002
12,17,43,20.700000000000003
12,17,44,11.4
12,17,45,8.6
12,17,46,3.
12,17,47,0.8
12,17,48,1.1
12,17,49,0.8
12,17,50,0.2
12,17,51,0.1
12,17,52,0.
12,18,1,0.
12,18,2,0.2
12,18,3,0.
12,18,4,0.
12,18,5,0.1
12,18,6,0.5
12,18,7,0.4
12,18,8,0.1
12,18,9,0.
12,18,10,0.
12,18,11,0.
12,18,12,0.5
12,18,13,0.
12,18,14,0.
12,18,15,0.
12,18,16,0.
12,18,17,0.
12,18,18,0.2
12,18,19,1.3
12,18,20,1.8
12,18,21,2.8000000000000003
12,18,22,6.4
12,18,23,19.6
12,18,24,19.1
12,18,25,28.900000000000002
12,18,26,47.6
12,18,27,50.800000000000004
12,18,28,83.4
12,18,29,79.10000000000001
12,18,30,100.60000000000001
12,18,31,96.60000000000001
12,18,32,98.10000000000001
12,18,33,106.
12,18,34,96.7
12,18,35,106.4
12,18,36,93.5
12,18,37,73.7
12,18,38,70.60000000000001
12,18,39,54.
12,18,40,45.
12,18,41,41.1
12,18,42,36.800000000000004
12,18,43,26.5
12,18,44,17.1
12,18,45,10.4
12,18,46,4.7
12,18,47,1.7000000000000002
12,18,48,1.7000000000000002
12,18,49,0.8
12,18,50,0.2
12,18,51,0.
12,18,52,0.
12,19,1,0.
12,19,2,0.2
12,19,3,0.
12,19,4,0.
12,19,5,0.1
12,19,6,0.4
12,19,7,0.30000000000000004
12,19,8,0.1
12,19,9,0.
12,19,10,0.
12,19,11,0.
12,19,12,0.6000000000000001
12,19,13,0.
12,19,14,0.1
12,19,15,0.
12,19,16,0.
12,19,17,0.1
12,19,18,0.30000000000000004
12,19,19,1.8
12,19,20,2.
12,19,21,3.9000000000000004
12,19,22,9.9
12,19,23,24.200000000000003
12,19,24,25.400000000000002
12,19,25,35.800000000000004
12,19,26,58.800000000000004
12,19,27,60.2
12,19,28,92.30000000000001
12,19,29,87.4
12,19,30,114.5
12,19,31,105.7
12,19,32,116.60000000000001
12,19,33,112.5
12,19,34,104.4
12,19,35,114.9
12,19,36,105.80000000000001
12,19,37,82.9
12,19,38,76.4
12,19,39,61.300000000000004
12,19,40,52.2
12,19,41,47.6
12,19,42,45.800000000000004
12,19,43,35.2
12,19,44,25.900000000000002
12,19,45,14.4
12,19,46,7.800000000000001
12,19,47,3.3000000000000003
12,19,48,2.5
12,19,49,1.1
12,19,50,0.4
12,19,51,0.1
12,19,52,0.
12,20,1,0.
12,20,2,0.2
12,20,3,0.
12,20,4,0.
12,20,5,0.1
12,20,6,0.4
12,20,7,0.2
12,20,8,0.1
12,20,9,0.
12,20,10,0.
12,20,11,0.
12,20,12,0.5
12,20,13,0.
12,20,14,0.1
12,20,15,0.
12,20,16,0.
12,20,17,0.1
12,20,18,0.30000000000000004
12,20,19,1.9000000000000001
12,20,20,2.2
12,20,21,4.7
12,20,22,11.3
12,20,23,26.6
12,20,24,29.1
12,20,25,38.900000000000006
12,20,26,64.8
12,20,27,67.
12,20,28,95.60000000000001
12,20,29,99.9
12,20,30,130.9
12,20,31,116.
12,20,32,133.6
12,20,33,115.7
12,20,34,111.60000000000001
12,20,35,121.2
12,20,36,113.
12,20,37,85.
12,20,38,79.5
12,20,39,63.1
12,20,40,52.900000000000006
12,20,41,49.300000000000004
12,20,42,47.900000000000006
12,20,43,37.2
12,20,44,27.3
12,20,45,16.1
12,20,46,8.6
12,20,47,3.8000000000000003
12,20,48,3.
12,20,49,1.2000000000000002
12,20,50,0.5
12,20,51,0.1
12,20,52,0.
13,9,1,0.1
13,9,2,0.7000000000000001
13,9,3,0.1
13,9,4,0.
13,9,5,0.1
13,9,6,0.1
13,9,7,0.7000000000000001
13,9,8,0.
13,9,9,0.1
13,9,10,0.
13,9,11,0.
13,9,12,0.
13,9,13,0.2
13,9,14,0.
13,9,15,0.
13,9,16,0.
13,9,17,0.
13,9,18,0.
13,9,19,0.4
13,9,20,0.30000000000000004
13,9,21,0.4
13,9,22,2.1
13,9,23,3.4000000000000004
13,9,24,3.5
13,9,25,5.300000000000001
13,9,26,12.8
13,9,27,14.5
13,9,28,22.
13,9,29,23.6
13,9,30,35.300000000000004
13,9,31,41.400000000000006
13,9,32,38.400000000000006
13,9,33,40.300000000000004
13,9,34,56.6
13,9,35,57.
13,9,36,49.800000000000004
13,9,37,36.2
13,9,38,27.900000000000002
13,9,39,22.200000000000003
13,9,40,16.5
13,9,41,12.700000000000001
13,9,42,9.600000000000001
13,9,43,2.5
13,9,44,1.3
13,9,45,0.9
13,9,46,0.30000000000000004
13,9,47,0.1
13,9,48,0.2
13,9,49,0.8
13,9,50,0.5
13,9,51,0.4
13,9,52,0.
13,10,1,0.1
13,10,2,0.5
13,10,3,0.1
13,10,4,0.
13,10,5,0.
13,10,6,0.1
13,10,7,0.5
13,10,8,0.
13,10,9,0.1
13,10,10,0.
13,10,11,0.
13,10,12,0.1
13,10,13,0.1
13,10,14,0.
13,10,15,0.
13,10,16,0.
13,10,17,0.
13,10,18,0.
13,10,19,0.4
13,10,20,0.4
13,10,21,0.5
13,10,22,2.
13,10,23,4.
13,10,24,4.2
13,10,25,7.1000000000000005
13,10,26,14.9
13,10,27,17.900000000000002
13,10,28,27.400000000000002
13,10,29,27.900000000000002
13,10,30,40.1
13,10,31,48.5
13,10,32,42.300000000000004
13,10,33,44.300000000000004
13,10,34,59.2
13,10,35,60.6
13,10,36,55.1
13,10,37,42.
13,10,38,31.200000000000003
13,10,39,23.900000000000002
13,10,40,17.6
13,10,41,13.600000000000001
13,10,42,9.8
13,10,43,2.9000000000000004
13,10,44,1.3
13,10,45,1.1
13,10,46,0.4
13,10,47,0.1
13,10,48,0.2
13,10,49,0.7000000000000001
13,10,50,0.5
13,10,51,0.4
13,10,52,0.
13,11,1,0.1
13,11,2,0.4
13,11,3,0.1
13,11,4,0.
13,11,5,0.
13,11,6,0.1
13,11,7,0.4
13,11,8,0.
13,11,9,0.1
13,11,10,0.
13,11,11,0.
13,11,12,0.1
13,11,13,0.1
13,11,14,0.
13,11,15,0.
13,11,16,0.
13,11,17,0.
13,11,18,0.1
13,11,19,0.5
13,11,20,0.6000000000000001
13,11,21,0.9
13,11,22,2.2
13,11,23,5.6000000000000005
13,11,24,5.6000000000000005
13,11,25,9.200000000000001
13,11,26,17.7
13,11,27,23.1
13,11,28,35.5
13,11,29,33.2
13,11,30,45.
13,11,31,56.1
13,11,32,47.300000000000004
13,11,33,49.1
13,11,34,61.800000000000004
13,11,35,65.5
13,11,36,59.2
13,11,37,46.1
13,11,38,36.2
13,11,39,26.900000000000002
13,11,40,19.3
13,11,41,15.600000000000001
13,11,42,11.
13,11,43,4.
13,11,44,1.9000000000000001
13,11,45,1.3
13,11,46,0.5
13,11,47,0.2
13,11,48,0.1
13,11,49,0.6000000000000001
13,11,50,0.4
13,11,51,0.4
13,11,52,0.
13,12,1,0.1
13,12,2,0.30000000000000004
13,12,3,0.1
13,12,4,0.
13,12,5,0.
13,12,6,0.1
13,12,7,0.30000000000000004
13,12,8,0.
13,12,9,0.
13,12,10,0.
13,12,11,0.
13,12,12,0.1
13,12,13,0.1
13,12,14,0.
13,12,15,0.1
13,12,16,0.
13,12,17,0.
13,12,18,0.1
13,12,19,0.6000000000000001
13,12,20,0.8
13,12,21,1.3
13,12,22,3.
13,12,23,7.6000000000000005
13,12,24,7.300000000000001
13,12,25,11.9
13,12,26,21.6
13,12,27,28.6
13,12,28,44.6
13,12,29,40.400000000000006
13,12,30,52.800000000000004
13,12,31,64.60000000000001
13,12,32,54.7
13,12,33,56.400000000000006
13,12,34,68.2
13,12,35,72.8
13,12,36,64.2
13,12,37,49.6
13,12,38,43.
13,12,39,31.3
13,12,40,23.
13,12,41,19.200000000000003
13,12,42,13.200000000000001
13,12,43,5.7
13,12,44,2.6
13,12,45,1.5
13,12,46,0.7000000000000001
13,12,47,0.2
13,12,48,0.1
13,12,49,0.5
13,12,50,0.4
13,12,51,0.4
13,12,52,0.
13,13,1,0.
13,13,2,0.2
13,13,3,0.1
13,13,4,0.
13,13,5,0.
13,13,6,0.2
13,13,7,0.30000000000000004
13,13,8,0.
13,13,9,0.
13,13,10,0.
13,13,11,0.
13,13,12,0.2
13,13,13,0.
13,13,14,0.
13,13,15,0.1
13,13,16,0.
13,13,17,0.
13,13,18,0.2
13,13,19,0.7000000000000001
13,13,20,0.7000000000000001
13,13,21,1.7000000000000002
13,13,22,4.
13,13,23,8.9
13,13,24,9.4
13,13,25,14.200000000000001
13,13,26,24.5
13,13,27,32.4
13,13,28,50.6
13,13,29,46.1
13,13,30,60.
13,13,31,69.2
13,13,32,60.
13,13,33,65.60000000000001
13,13,34,75.7
13,13,35,77.30000000000001
13,13,36,68.7
13,13,37,53.5
13,13,38,49.5
13,13,39,35.
13,13,40,27.6
13,13,41,21.900000000000002
13,13,42,15.600000000000001
13,13,43,7.4
13,13,44,3.2
13,13,45,2.1
13,13,46,0.9
13,13,47,0.30000000000000004
13,13,48,0.2
13,13,49,0.5
13,13,50,0.4
13,13,51,0.30000000000000004
13,13,52,0.
13,14,1,0.
13,14,2,0.2
13,14,3,0.1
13,14,4,0.
13,14,5,0.
13,14,6,0.2
13,14,7,0.4
13,14,8,0.1
13,14,9,0.
13,14,10,0.
13,14,11,0.
13,14,12,0.30000000000000004
13,14,13,0.
13,14,14,0.
13,14,15,0.
13,14,16,0.
13,14,17,0.
13,14,18,0.30000000000000004
13,14,19,0.8
13,14,20,0.8
13,14,21,1.8
13,14,22,4.5
13,14,23,10.
13,14,24,12.100000000000001
13,14,25,15.700000000000001
13,14,26,27.700000000000003
13,14,27,36.6
13,14,28,56.
13,14,29,51.6
13,14,30,67.60000000000001
13,14,31,72.3
13,14,32,63.300000000000004
13,14,33,71.2
13,14,34,80.7
13,14,35,79.60000000000001
13,14,36,70.5
13,14,37,58.900000000000006
13,14,38,54.2
13,14,39,39.2
13,14,40,31.700000000000003
13,14,41,24.900000000000002
13,14,42,19.
13,14,43,9.8
13,14,44,4.7
13,14,45,3.
13,14,46,1.4000000000000001
13,14,47,0.2
13,14,48,0.4
13,14,49,0.6000000000000001
13,14,50,0.4
13,14,51,0.30000000000000004
13,14,52,0.
13,15,1,0.
13,15,2,0.30000000000000004
13,15,3,0.1
13,15,4,0.
13,15,5,0.1
13,15,6,0.4
13,15,7,0.5
13,15,8,0.1
13,15,9,0.
13,15,10,0.
13,15,11,0.
13,15,12,0.30000000000000004
13,15,13,0.
13,15,14,0.1
13,15,15,0.
13,15,16,0.
13,15,17,0.
13,15,18,0.2
13,15,19,0.8
13,15,20,1.1
13,15,21,2.5
13,15,22,5.
13,15,23,12.9
13,15,24,14.100000000000001
13,15,25,19.400000000000002
13,15,26,33.9
13,15,27,42.7
13,15,28,62.300000000000004
13,15,29,60.6
13,15,30,77.
13,15,31,76.10000000000001
13,15,32,71.5
13,15,33,76.5
13,15,34,86.10000000000001
13,15,35,88.4
13,15,36,76.60000000000001
13,15,37,69.5
13,15,38,64.7
13,15,39,45.2
13,15,40,37.1
13,15,41,30.6
13,15,42,22.3
13,15,43,13.200000000000001
13,15,44,6.7
13,15,45,4.5
13,15,46,2.
13,15,47,0.30000000000000004
13,15,48,0.6000000000000001
13,15,49,0.6000000000000001
13,15,50,0.30000000000000004
13,15,51,0.1
13,15,52,0.
13,16,1,0.
13,16,2,0.2
13,16,3,0.
13,16,4,0.
13,16,5,0.1
13,16,6,0.6000000000000001
13,16,7,0.5
13,16,8,0.1
13,16,9,0.
13,16,10,0.
13,16,11,0.
13,16,12,0.30000000000000004
13,16,13,0.
13,16,14,0.1
13,16,15,0.
13,16,16,0.
13,16,17,0.
13,16,18,0.30000000000000004
13,16,19,1.1
13,16,20,1.6
13,16,21,3.2
13,16,22,6.2
13,16,23,15.200000000000001
13,16,24,15.700000000000001
13,16,25,22.900000000000002
13,16,26,39.
13,16,27,46.400000000000006
13,16,28,68.9
13,16,29,67.4
13,16,30,85.30000000000001
13,16,31,81.9
13,16,32,76.7
13,16,33,83.2
13,16,34,88.7
13,16,35,96.9
13,16,36,79.5
13,16,37,70.4
13,16,38,67.4
13,16,39,50.800000000000004
13,16,40,38.7
13,16,41,34.300000000000004
13,16,42,26.6
13,16,43,18.1
13,16,44,9.9
13,16,45,6.800000000000001
13,16,46,3.6
13,16,47,0.7000000000000001
13,16,48,0.8
13,16,49,0.5
13,16,50,0.2
13,16,51,0.1
13,16,52,0.1
13,17,1,0.
13,17,2,0.2
13,17,3,0.
13,17,4,0.
13,17,5,0.1
13,17,6,0.6000000000000001
13,17,7,0.5
13,17,8,0.1
13,17,9,0.1
13,17,10,0.
13,17,11,0.
13,17,12,0.4
13,17,13,0.
13,17,14,0.1
13,17,15,0.
13,17,16,0.
13,17,17,0.
13,17,18,0.4
13,17,19,1.4000000000000001
13,17,20,2.1
13,17,21,3.4000000000000004
13,17,22,7.
13,17,23,18.1
13,17,24,18.900000000000002
13,17,25,27.6
13,17,26,43.400000000000006
13,17,27,48.800000000000004
13,17,28,75.3
13,17,29,75.10000000000001
13,17,30,94.
13,17,31,88.60000000000001
13,17,32,85.4
13,17,33,95.5
13,17,34,97.
13,17,35,101.4
13,17,36,84.2
13,17,37,71.
13,17,38,71.
13,17,39,52.7
13,17,40,42.6
13,17,41,37.5
13,17,42,30.8
13,17,43,21.900000000000002
13,17,44,13.
13,17,45,8.9
13,17,46,4.
13,17,47,1.1
13,17,48,1.1
13,17,49,0.6000000000000001
13,17,50,0.2
13,17,51,0.
13,17,52,0.
13,18,1,0.
13,18,2,0.2
13,18,3,0.
13,18,4,0.
13,18,5,0.1
13,18,6,0.5
13,18,7,0.30000000000000004
13,18,8,0.1
13,18,9,0.1
13,18,10,0.
13,18,11,0.
13,18,12,0.5
13,18,13,0.1
13,18,14,0.1
13,18,15,0.
13,18,16,0.
13,18,17,0.1
13,18,18,0.4
13,18,19,2.1
13,18,20,2.9000000000000004
13,18,21,4.7
13,18,22,10.100000000000001
13,18,23,24.200000000000003
13,18,24,25.1
13,18,25,35.2
13,18,26,53.
13,18,27,54.5
13,18,28,83.7
13,18,29,83.2
13,18,30,105.10000000000001
13,18,31,95.2
13,18,32,98.
13,18,33,110.10000000000001
13,18,34,105.10000000000001
13,18,35,109.80000000000001
13,18,36,93.2
13,18,37,77.2
13,18,38,75.60000000000001
13,18,39,56.5
13,18,40,50.7
13,18,41,44.7
13,18,42,38.6
13,18,43,28.5
13,18,44,18.2
13,18,45,11.600000000000001
13,18,46,5.4
13,18,47,1.9000000000000001
13,18,48,1.8
13,18,49,0.8
13,18,50,0.2
13,18,51,0.1
13,18,52,0.
13,19,1,0.
13,19,2,0.2
13,19,3,0.
13,19,4,0.
13,19,5,0.1
13,19,6,0.5
13,19,7,0.30000000000000004
13,19,8,0.1
13,19,9,0.1
13,19,10,0.
13,19,11,0.1
13,19,12,0.6000000000000001
13,19,13,0.1
13,19,14,0.1
13,19,15,0.
13,19,16,0.1
13,19,17,0.1
13,19,18,0.5
13,19,19,2.8000000000000003
13,19,20,3.4000000000000004
13,19,21,6.2
13,19,22,13.9
13,19,23,31.200000000000003
13,19,24,32.300000000000004
13,19,25,44.300000000000004
13,19,26,66.10000000000001
13,19,27,67.3
13,19,28,98.5
13,19,29,96.5
13,19,30,122.10000000000001
13,19,31,108.60000000000001
13,19,32,119.4
13,19,33,121.60000000000001
13,19,34,116.10000000000001
13,19,35,123.
13,19,36,109.5
13,19,37,90.5
13,19,38,84.4
13,19,39,67.8
13,19,40,59.900000000000006
13,19,41,54.400000000000006
13,19,42,50.1
13,19,43,38.800000000000004
13,19,44,28.
13,19,45,16.5
13,19,46,8.9
13,19,47,3.5
13,19,48,2.5
13,19,49,1.1
13,19,50,0.30000000000000004
13,19,51,0.1
13,19,52,0.
13,20,1,0.
13,20,2,0.2
13,20,3,0.1
13,20,4,0.
13,20,5,0.1
13,20,6,0.4
13,20,7,0.2
13,20,8,0.1
13,20,9,0.
13,20,10,0.
13,20,11,0.1
13,20,12,0.5
13,20,13,0.1
13,20,14,0.1
13,20,15,0.1
13,20,16,0.1
13,20,17,0.2
13,20,18,0.6000000000000001
13,20,19,3.4000000000000004
13,20,20,3.7
13,20,21,8.200000000000001
13,20,22,16.6
13,20,23,35.7
13,20,24,37.5
13,20,25,51.
13,20,26,72.10000000000001
13,20,27,74.3
13,20,28,106.80000000000001
13,20,29,104.5
13,20,30,132.20000000000002
13,20,31,117.
13,20,32,131.
13,20,33,127.
13,20,34,120.80000000000001
13,20,35,128.9
13,20,36,118.
13,20,37,93.7
13,20,38,87.30000000000001
13,20,39,71.5
13,20,40,61.5
13,20,41,58.900000000000006
13,20,42,55.5
13,20,43,43.400000000000006
13,20,44,33.1
13,20,45,21.200000000000003
13,20,46,12.4
13,20,47,5.2
13,20,48,3.4000000000000004
13,20,49,1.2000000000000002
13,20,50,0.5
13,20,51,0.1
13,20,52,0.
