832,834,1588
834,1588,1590
323,838,1592
330,1329,1595
63,1785,1844
353,1598,1600
1310,1340,1844
370,874,1787
1346,1347,1348
876,878,1834
880,1348,1603
382,1607,1853
399,1581,1729
407,1358,1362
1371,1615,1733
420,424,1625
443,1621
922,925,1381
126,965,1633
977,1637,1638
976,979,1854
1420,1848
525,1004,1793
536,540,1648
1010,1017,1433
546,1430,1436
554,1029,1825
1442,1446,1747
568,1452,1656
1048,1477,1661
1063,1065,1068
674,1118,1686
1240,1690
726,1807,1830
736,1545,1546
1258,1549,1832
1270,1557,1701
1703,1706
777,1570,1851
1281,1284,1843
791,1776,1777
1299,1303,1714
300,1301,1813
303,1321,1814
1583,1671
51,825,1587
316,1587,1591
315,317,835,1322
317,826,1322,1815
830,1593,1595,1716
46,825,833,1587
831,1323,1324
838,845,1331,1592
56,839,1590,1844
330,841,1329,1716
54,839,847,1844
332,333,1327,1816
329,331,1328,1817
333,844,1334,1816
326,335,837,1330
848,1594,1718
850,1337,1784,1786
5,851,1844
347,856,1334,1720
334,1589,1721,1856
67,347,1335,1720
66,1335,1596,1720
348,1336,1722,1786
365,1336,1337,1786
355,860,861,862
360,364,866,867
368,857,1339,1856
869,871,1342,1601
871,1344,1345,1601
371,873,1345,1723
373,879,1723,1788
874,1346,1347,1787
374,875,877,1856
376,880,881,1605
81,375,1788,1846
80,375,1604,1846
377,381,885,1834
380,882,1349,1818
367,886,1606,1853
385,388,887,1350
387,389,1351,1609
88,1311,1608,1609
87,813,1311,1608
891,892,1353,1610
398,898,1356,1357
404,406,903,1359
410,1352,1613,1726
1360,1361,1362,1728
905,906,907,1364
408,409,1614,1616
411,908,1363,1728
910,1365,1729
412,414,1366,1367
909,1366,1368
1367,1368,1733,1835
417,1369,1615,1733
912,1371,1733,1835
419,421,912,1789
915,1365,1375,1618
429,918,1622,1732
431,435,917,1374
430,914,1379,1624
109,433,918,1377
108,433,1377,1621
436,921,1622,1847
925,927,934,1381
438,931,1312,1736
928,930,1382
945,1376,1625,1626
441,932,1389,1819
449,1386,1388,1736
118,452,1385,1391
117,453,1385,1391
453,1391,1627,1738
944,1387,1394,1821
471,953,1395,1629
472,475,949,1630
460,957,1390,1791
953,954,958,1397
954,958,961,1399
19,959,965,1633
959,1790
971,1392,1635,1740
494,968,982,1634
131,1403,1639,1741
130,499,1403,1639
497,498,1409,1744
955,986,1408,1819
500,985,1411,1820
981,1405,1407,1792
502,987,1406,1792
138,984,1820,1848
137,1820,1848
986,1408,1410,1745
509,987,1411,1414
509,1414,1420,1792
511,992,1822
815,1313,1415,1419
996,1394,1743,1821
520,521,1416,1821
519,997,998,1824
148,522,1417,1746
147,1417,1418,1746
523,1000,1007,1422
526,1002,1005,1006
999,1421,1643,1837
1005,1006,1425,1837
156,532,1649,1823
537,1424,1433,1796
535,1012,1018,1019
153,541,1649
538,545,1016,1838
159,1439,1824
158,1025,1824
162,552,1027,1435
553,1437,1447
160,552,1027,1438
556,1024,1030
167,1015,1036,1441
557,559,1442,1747
578,1034,1440,1749
164,1015,1036,1450
547,1021,1445,1748
1038,1447,1448,1480
1036,1047,1450,1459
561,562,1040,1654
564,573,1427,1454
567,1444,1449,1455
175,177,1457,1798
174,177,1451,1798
1042,1652,1655,1797
174,175,1451,1457
569,1043,1045,1453
566,572,577,1659
578,1051,1653,1749
581,582,1050,1671
588,1049,1464,1751
587,1467,1751
185,1462,1465,1663
184,1062,1465,1663
1315,1468,1582
593,597,1059,1752
598,1057,1060,1800
191,1067,1470,1495
600,601,1664,1855
189,1067,1495,1667
1061,1479,1481
1078,1483,1800
612,618,1074,1484
1071,1076,1081,1801
621,622,1482,1756
610,614,1490,1507
1083,1084,1658,1675
1070,1098,1488,1670
1480,1487,1489,1501
1086,1091,1317,1492
628,1088,1497
1090,1754
632,1492,1502,1756
630,1092,1503,1760
210,633,1498,1755
1493,1499,1759
1091,1318,1502
1097,1496,1676,1757
206,633,1498,1803
636,637,1093,1511
1096,1667,1680,1757
1676,1678,1681,1802
1100,1494,1500,1506
635,643,1508,1673
217,1105,1759,1855
216,218,1105,1855
217,644,1105,1855
645,646,1827,1855
221,646,1761,1855
220,647,1761,1855
1084,1115,1675,1677
224,642,1506,1839
223,651,1506,1839
648,657,1106,1761
657,1106,1125,1509
683,1499,1759,1804
672,673,1680,1826
662,678,1115,1840
232,1145,1517,1520
679,1145,1518,1524
230,1145,1520,1524
1220,1522,1528,1805
1165,1180,1525,1530
1206,1207,1210,1831
716,1526,1688,1689
712,1214,1538,1805
1215,1235,1534,1690
240,1216,1535,1766
239,1216,1221,1766
722,1224,1540,1827
1224,1228,1540,1829
720,721,1226,1230
1220,1227,1528,1806
246,1232,1236,1541
245,1232,1236,1692
724,1234,1237,1768
1242,1544,1545,1546
251,729,1807,1841
1247,1250,1251,1767
249,734,1807,1841
735,1248,1257,1808
1251,1841
742,743,1553,1830
744,747,1261,1548
741,1263,1696,1697
1550,1554,1696,1697
754,755,1552,1842
1275,1553,1562,1698
1273,1556,1703,1769
760,1274,1557,1701
761,1271,1559,1832
264,761,1560,1832
263,1272,1560,1832
762,763,1702,1852
763,1271,1559,1852
1272,1560,1563,1704
269,1563,1564,1704
268,765,1564,1704
271,767,1278,1770
270,1278,1715
273,769,1565,1771
272,770,1565,1771
771,1319,1320,1705
775,1287,1567,1706
1276,1710,1776,1831
278,1568,1569,1709
277,279,1568,1709
278,1568,1709,1772
773,1280,1285,1809
282,1709,1772,1843
281,283,1772,1843
282,284,1772,1843
283,774,1772,1843
1284,1773,1775,1843
780,1282,1292,1773
778,1291,1571
777,781,1290,1851
780,1292,1293,1294
781,1296,1572,1851
1293,1294,1295,1574
293,1295,1297,1811
292,1295,1297,1574
1296,1572,1711,1774
790,1575,1780,1781
787,1711,1712,1774
786,1306,1775,1779
308,1577,1814
787,789,792,1774
43,1301,1778,1813
304,1303,1714
827,1306,1308,1779
44,798,1321,1814
301,1307,1584,1714
800,1579,1585,1713
311,809,1780
810,829,1309,1845
298,824,1814
313,1325,1589
830,1323,1716
306,828,1780
812,832
309,840,1325,1589,1721
315,1322,1589,1783
48,314,835,1322,1783
47,318,1587,1591,1717
48,49,835,1322,1815
316,322,1591,1592,1717
841,1323,1324,1326,1716
324,835,1327,1783,1815
833,836,1587,1717,1718
318,323,1591,1592,1784
3,322,838,1592,1784
320,325,837,1327,1815
324,326,837,1327,1816
60,325,837,1816
328,842,843,1324,1326
327,329,331,1326
58,328,1326,1328
4,55,1595,1716
58,328,842,1817
57,333,844,1327,1783
57,59,332,1816
65,1332,1589,1783,1856
60,337,1330
340,341,836,1333,1717
335,338,339
337,846,849,1330
337,846,1720,1816
336,341,853,1331,1717
336,340,344,853,1333
343,1328,1329,1595,1817
342,349,1593,1595,1817
341,853,1333,1719
348,852,854,855,1786
840,851,858,1721,1785
64,66,856
68,345,855,1722,1786
343,859,865,1593,1817
353,864,1598,1719
352,354,860,1597
351,354,357,1597,1599
6,350,864,1600
351,352,357,862
70,356,861,1338
355,357,862,1338
352,354,356,1338,1599
863,864,1788
360,362,858,867,1785
71,359,858,866
367,865,1343,1817,1853
359,363,867,868,1785
362,868,884,1340,1785
71,866,867,868,1724
69,1336,1337,1341,1602
870,1338,1342,1599
84,361,1343,1606,1853
72,872,875,1339,1856
371,869,870,871,1345
8,874,1600,1787,1853
75,369,870,1345,1723
373,873,879,1344,1726
76,372,873,879,1723
78,875,876,878
80,81,1604,1787,1788
79,378,882,1605
82,877,878,885,1834
376,380,882,1605
380,1604,1605,1818
83,378,379,1818
82,384,885,890,1834
12,886,889,1607,1853
399,884,897,1724,1729
381,394,885,890,1856
85,386,388,888,1350
385,387,888,1350
86,386,389,1351
85,385,887,888,1725
86,387,888,1609,1725
886,889,1353,1354,1606
1341,1352,1602,1726,1834
393,893,894,1610
392,396,892,1727
384,395,890,1611,1856
394,397,890,1731
393,894,1355,1727
395,408,409,1611,1731
90,893,895,898,1356
13,383,897
402,883,1356,1610,1818
404,900,903,1355
400,904,1357,1818
898,901,1357,1612
91,401,902,903
406,901,1612
91,405,902,1359
14,1358,1363
95,397,409,1611,1616
95,397,408,1614,1731
92,413,1352,1613,1730
96,416,908,1728,1835
98,1364,1366,1367
410,1352,1730,1731,1732
98,1366,1367,1368
909,1366,1369,1613,1846
411,418,908,911,1835
101,909,1368,1369,1733
416,1372,1789,1835
103,421,912,1371,1373
16,424,1376,1616,1625
103,419,426,1373,1789
423,425,913,1374,1833
422,425,427,1619,1833
16,420,1616,1625,1836
422,423,924,1374,1619
421,1373,1378,1384,1789
423,437,1619,1833
432,915,919,1375,1617
105,916,1622,1732
107,914,919,1617,1624
106,435,917,923,1620
428,915,919,1380
108,109,918,1621,1622
920,1372,1789
106,431,923,924,1374
110,916,921,1622
427,438,1312,1619
112,437,1619,1736
442,919,1380,1624
441,910,932,1617,1735
115,440,932,1735,1819
439,1380,1390,1624,1791
17,444,1621,1623,1847
443,451,1623,1641,1847
920,1383,1737
449,926,929,1736
450,928,930,938
449,929,1386,1737
116,446,448,1736
447,928,933,935,938
444,937,1623,1641,1836
117,960,1385,1391,1734
118,119,1385,1627
458,935,938,1392,1629
459,1379,1393,1630,1790
457,461,936,946,1836
456,940,942,1836
454,1392,1395,1629,1740
455,463,941,1630
123,957,1390,1398,1628
456,942,946,947
466,940,942,943
459,464,949,1630
463,465,941,950
464,467,941,1628
462,470,943,948
465,468,950,1631
467,1398,1628,1631,1637
473,947,952,1632
466,943,952,1396
121,953,1397,1629,1738
122,475,949,1631
469,474,476,1632
473,476,952,1396
122,472,956,1630
473,474,481,1632
478,482,963,964,1737
477,479,482,1386,1737
478,482,1386,1388,1643
814,955,986,1314,1410
476,968,1396,1632,1634
477,478,479,964,1643
488,956,967,1401,1790
961,962,969,1399
961,969,972,1400
962,969,970,974
970,971,976,1740
483,489,490,967,1401
488,967,977,1637
488,977,1401,1640
495,972,978,1400,1741
493,973,978,1402
492,974,979,1402
129,968,982,1405,1739
491,1402,1403,1741
497,498,957,1404,1791
132,496,1409,1791
132,496,1404,1744
131,501,1403,1639,1854
134,502,1406,1411,1820
499,504,1639,1854
136,500,987,1406,1411
504,508,990,1639
501,503,990,995,1854
983,988,989,1641
963,964,1413,1742,1837
988,989,992,1407
503,990,1416,1636,1639
140,141,987,1792
511,989,992,1412
142,510,1412,1794,1822
993,1638,1640,1642,1644
517,1003,1408,1642,1819
516,991,994,1410,1745
516,518,816,991
514,515,991,994
513,1003,1408,1745,1795
515,817,994,1013
146,995,998,1854
145,521,1000,1422,1821
145,520,1000,1416,1645
147,1417,1746
149,1000,1007,1645,1646
525,1001,1418,1746,1793
23,524,1001,1004,1793
150,1002,1004,1006,1793
528,819,1419,1647
527,820,1426,1647
530,532,1422,1823
529,532,1007,1646,1649
1012,1020,1022,1423
153,529,530,1649,1823
1003,1008,1009,1427,1795
537,993,1008,1009,1424
155,1012,1019,1423,1822
24,540,1426,1647,1648
154,534,1009,1796
157,1016,1425,1837,1838
1044,1428,1456,1745,1795
24,536,1426,1431
156,544,1432,1649
547,1019,1794,1822
544,548,549,1429,1823
541,543,1432,1823
157,546,1016,1436,1838
26,545,1016,1436
168,542,1021,1445,1794
543,1023,1432
543,551,1023,1429
1020,1022,1452,1748,1825
549,1024,1030,1429
160,162,1435,1438,1651
161,1436,1437,1447,1838
27,1028,1032,1825
556,1030,1652,1797
163,555,1024,1035,1797
165,559,1031,1033,1747
1011,1440,1444,1653,1744
165,557,1033,1442,1799
1032,1438,1449,1798,1825
171,562,1443,1654
171,561,1040,1443,1838
579,1038,1039,1480,1489
172,573,574,1427,1796
570,1037,1453,1458,1654
179,572,1454,1659
173,575,1449,1455,1798
29,1451,1452,1656,1825
178,570,576,1045,1453
565,569,576,1453
1040,1458,1464,1654,1662
179,566,577,1456,1795
172,564,574,1454
564,573,1463,1657,1796
567,1048,1455,1477,1798
569,570,1045
179,572,580,1456,1659
166,180,1440,1653,1749
563,581,1039,1050,1489
577,1456,1659,1666,1752
181,579,1050,1489,1671
181,1050,1434,1671
584,1042,1462,1655,1660
583,594,1462,1465,1660
586,1057,1060,1463,1472
585,1463,1472,1475,1749
183,591,1055,1751
182,1464,1467,1665,1751
592,1041,1056,1315,1468
600,1461,1663
587,1466,1467,1485
589,593,1059,1468
187,592,1056,1059,1752
584,1063,1465,1660,1849
1046,1445,1471,1496,1802
1058,1061,1461,1664
187,1059,1066,1474,1752
188,599,603,1800
598,603,607,1060,1472
190,590,601
190,600,1062,1663,1855
604,1053,1065,1473,1660
598,599,607
602,1065,1068,1473,1478
611,1064,1070,1072,1750
1474,1482,1490
599,603,1472
613,1071,1076,1486,1665
616,617,1073,1479,1668
197,614,1474,1490,1666
605,1070,1072,1484,1670
194,618,1074,1485,1754
608,620,1076,1080,1486
197,610,1491,1507,1666
630,1092,1475,1476,1669
609,617,624,625,1668
609,616,625,1073,1493
194,612,1089,1484,1754
1079,1080,1085,1486
613,1080,1081,1494
196,622,1086,1316,1482
196,621,1492,1756
633,1082,1668,1755,1803
616,625,1082,1668,1758
616,617,624,1493,1758
1079,1085,1090,1099
629,1078,1674,1753,1800
202,631,1087,1478,1497
627,1078,1103,1673,1674
205,615,1092,1476,1760
628,638,1478,1497,1849
204,1091,1492,1502
206,210,623,1755,1803
1089,1754
215,1077,1491,1508,1673
211,1093,1101,1511,1753
211,1093,1094,1107,1511
631,640,1497,1509,1849
641,649,1098,1505,1670
638,1497,1509,1513,1763
639,649,1098,1677,1683
223,1099,1506,1839
215,650,1110,1508,1673
218,645,1105,1804,1855
219,644,1827,1855
219,220,1761,1827,1855
221,648,1761,1849,1855
225,647,1106,1761,1849
639,641,1109,1505,1683
643,1110,1508,1510,1519
224,688,1500,1506,1839
653,660,1104,1111,1678
652,1104,1111,1112,1512
655,1114,1512,1803
654,656,1114,1762,1803
655,1108,1682,1762,1803
225,226,1106,1125,1761
659,1101,1116,1117,1511
658,1117,1511,1514
652,1111,1119,1120,1678
668,1108,1685,1758
229,1115,1513,1675,1840
664,1503,1514,1516,1760
663,665,670,1760
664,670,1179,1504,1760
667,673,1126,1680,1757
666,674,1118,1757
661,687,1133,1685
679,1116,1117,1764
664,665,1179,1516,1529
705,1525,1535,1672,1679
228,690,1515,1680,1826
228,666,1126,1680,1826
32,667,1126,1686
680,1119,1128,1134
677,1124,1132,1140
676,1124,1141,1762
229,1115,1677,1683,1840
231,669,1518,1524,1764
675,1134,1135,1684
1141,1142,1152,1762
683,1499,1685,1758
227,682,1499,1523,1804
1135,1146,1155,1684
686,1143,1153,1164
685,1133,1143,1154,1164
668,1154,1522,1685
651,1500,1801,1839,1850
690,702,1165,1180,1515
672,689,702,1515,1826
694,695,1521,1676,1681
695,1166,1526,1681,1688
696,1168,1684
691,695,1521,1688
691,692,694,1681,1688
693,697,1181,1531
696,1168,1531,1687
699,1170,1187,1687
698,1171,1182,1187
1177,1178,1186,1192,1805
703,704,1179,1765
689,690,1180,1194,1826
701,704,1200,1529
701,703,708,1765
671,1525,1530,1535,1766
1527,1688,1767
1193,1200,1205,1529
704,1200,1207,1765
1198,1203,1204,1537
712,1192,1199,1204,1805
1201,1208,1212,1532
237,710,1204,1214,1805
1215,1216,1534,1535,1679
717,1212,1532,1536
1208,1212,1213,1217
236,1539,1688,1689,1767
714,1217,1218,1536
1219,1223,1226,1828
1222,1225,1539,1768
243,1225,1230,1768
243,1226,1231,1828
241,1232,1540,1541,1827
1231,1234,1238,1828
247,1230,1234,1768
729,1237,1241,1841
34,1241,1691,1830
738,750,1240,1243,1831
733,1194,1244,1246,1826
249,725,1807,1841
732,737,1256,1694,1829
1245,1248,1544,1692,1829
730,1245,1252,1256,1829
728,1246,1249
251,741,1696,1807,1841
252,1245,1248,1252,1257
35,1253,1260,1545
730,740,1256,1262,1694
727,750,1243,1543,1695
746,1255,1261,1548,1806
737,745,1256,1699
256,734,1263,1696
254,1263,1553,1697,1830
254,1255,1553,1698,1830
255,1264,1548,1694
740,754,1262,1552
739,1255,1261,1266,1698
255,1261,1264,1266
749,751,752,1808
748,753,1265,1808
727,738,1695,1710,1831
748,752,1267,1809,1842
748,751,753,1809
749,752,1268,1809
258,745,1552,1699,1842
258,758,1269,1552,1842
757,1269,1551,1555,1558
756,758,759,1269
755,757,759,1269,1842
757,758,1558,1707,1842
261,762,1274,1557,1702
262,263,1560,1832
265,760,1274,1852
265,266,1702,1852
1277,1558,1562,1707,1810
269,766,1564,1704,1770
765,767,1564,1715,1770
270,766,1715,1770
769,1273,1565,1703,1706
272,768,1706,1771
273,1565,1566,1771,1777
274,772,1320,1705,1850
771,1320,1568,1569
280,1285,1288,1571,1809
284,1281,1772,1843,1850
275,1283,1287,1289,1567
823,1283,1286,1561,1781
39,288,1290,1570,1851
287,1288,1291,1707,1842
782,1287,1289,1573,1771
286,289,1292,1293,1773
288,290,1572,1851
779,1286,1289,1573,1575
784,785,1291,1707,1810
783,785,1291,1571,1782
783,784,1576,1782,1810
297,1297,1775,1779,1811
296,299,789,1774
799,1298,1302,1573,1777
299,787,1300,1712
295,1298,1575,1579,1780
41,1302,1713,1776,1777
299,1300,1774,1812
794,796,1300,1712
793,797,1578,1712
796,1300,1304,1812
793,795,797,1304
794,796,1305,1578
303,1308,1321,1779,1814
788,800,1298,1302,1579
305,799,1302,1713
802,803,1304,1812
801,804,1305,1778
801,804,1580,1812
802,803,805,1778
804,806,1580,1778,1813
805,808,1309,1580,1813
808,810,1580,1812,1845
806,807,1309,1580
306,811,828,1780,1781
307,807,1309,1845
809,828,1781
312,832,834,1590
88,859,1311,1608
480,955,1314,1735
143,818,1313,1419
515,817,991,1314
518,816,1013
815,819,1419
527,818,820
528,819,1426,1434
1013,1041,1315,1428
823,1542,1561,1769
776,822,1561,1781
308,1577,1583
46,51,831,833
49,1322,1591,1815
302,1306,1308,1586
311,809,811
307,1309,1813,1845
50,310,1593
52,825,833,1323,1718
1,312,812,834,1588
51,321,825,831,1587,1718
1,2,812,832,1590
48,315,317,320,1783,1815
321,336,848,1333,1717,1718
60,324,325,326,1330,1815
3,53,323,845,1784
54,56,847,1325,1588,1590
313,346,847,851,1325,1721
55,319,1326,1328,1329,1716
327,331,843,1594,1817
327,842,1324,1594,1718
59,332,1332,1334,1783
53,838,852,1331,1784,1786
338,339,849,850,1596,1720
56,839,840,851,1325,1844
61,836,1333,1594,1598,1718
338,846,850,1330,1784,1815
62,846,849,1337,1596
63,346,840,847,1785,1844
345,845,853,854,1331,1786
340,341,344,852,854,1331
345,852,853,855,1719
345,348,854,1597,1719,1722
64,347,1332,1334
72,1332,1335,1339,1856
346,359,360,866,1721,1785
349,813,865,1593,1608
70,351,861,862,1722
70,355,860,1338,1342,1722
70,354,356,860
358,1597,1599,1723,1788
350,353,358,1600,1787,1788
349,361,859,1343,1608,1817
71,360,364,858,1721,1724
71,359,362,364
362,363,364,1724
73,369,870,1342
366,369,371,869,1599,1723
73,74,369,1345,1601
368,875,876,1339,1602,1834
75,372,373,1345,1723
8,77,370,1346,1787,1853
78,368,374,872,876,1856
10,374,872,875,1834
78,377,878,885,1856
10,374,377,877,1834
76,372,373,1726,1788,1846
11,79,881,1348,1605
79,880,882,1349,1603
83,376,378,881,1349
400,891,1349,1607,1610,1818
363,383,897,1340,1724
82,377,381,384,877,1856
84,382,390,1606,1853
85,388,1350,1354,1606,1725
385,386,388,389,1725
382,390,891,1353,1607
381,384,394,395,1731,1834
89,883,889,1353,1607,1610
89,393,1353,1610,1727
392,398,894,895,1356,1610
392,396,893,896
398,893,896,899
894,895,900,1355
383,399,884,1310,1340,1581
90,398,403,899
895,898,900,901
401,896,899,902
403,405,899,902
404,406,900,901
91,401,404,1355,1359,1360
402,905,906,1357,1612,1818
94,904,906,1818,1846
94,904,905,907,1361,1612
94,906,1361,1364,1728,1835
96,411,416,911,1363,1833
99,415,417,1366,1368,1369
97,440,1375,1617,1729,1735
416,908,913,1372,1833
102,103,419,1371,1789,1835
422,911,917,1372,1374,1833
107,430,932,1379,1389,1617
104,428,432,1375,1380,1618
429,436,921,922,1730,1732
106,431,913,1372,1374,1620
105,108,433,1377,1622,1732
428,430,432,439,1617,1624
434,445,1378,1383,1789
110,436,916,922,1381,1847
18,916,921,925,1381,1730
431,435,924,926,929,1620
425,435,923,926,1374,1619
18,111,922,927,1730
446,923,924,929,1619,1736
111,925,934,1370,1387,1730
113,447,450,933,1378,1382
446,448,923,926,1620,1737
113,447,938,1382,1392,1635
112,1312,1313,1388,1415,1736
115,440,441,914,1389,1617
450,928,935,1378,1384
111,927,1381,1387,1394,1847
450,454,933,1627,1629
456,945,946,1625,1739,1836
451,939,983,1634,1641,1836
447,450,454,930,1392
937,940,1634,1836
457,462,939,943,1836
459,464,465,1393
457,461,462,948
462,466,470,940
120,960,1387,1636,1734,1821
114,936,951,1625,1739
456,461,936,947,1632,1739
461,469,946,948,1632
466,942,947,952
122,463,472,950
464,467,949,1631
945,981,1406,1626,1739,1820
469,470,474,948
121,124,471,954,1397
124,125,953,1395,1399
133,480,814,986,1735,1819
475,483,967,1630,1631
123,460,496,1398,1404,1791
124,125,961,1397,1400
126,127,965,966,1633,1790
452,944,1391,1636,1734,1738
125,484,485,958,1400
484,486,970,1399,1740
477,506,964,1383,1737,1742
477,482,506,963,1643,1837
19,126,959,966,980,1633
959,965,980,1401,1640
483,488,489,956,1631,1637
129,481,494,1632,1634,1739
484,485,486,973
486,487,962,975
128,487,976,1635,1740,1854
485,491,973,978,1400
492,969,972,974
486,493,973,975
970,974,976,979
21,487,971,975
20,489,490,1638,1640
491,492,972,1402
21,493,975,1402,1854
965,966,1633,1640,1642,1819
135,951,1405,1406,1739,1792
129,494,983,988,1405,1634
505,937,982,1634,1641
137,1409,1435,1651,1820,1848
134,1411,1414,1820
133,139,480,955,1408,1410
136,140,502,509,1411,1792
505,507,982,1405,1407
505,507,510,1412
503,504,508,995,1416,1645
514,515,516,816,1314,1410
142,507,510,1407,1822
512,534,1008,1424,1642,1644
514,516,518,1013,1428,1745
504,519,990,997,1645,1854
144,1429,1652,1743,1821,1823
146,995,1645,1646,1824
146,519,1417,1742,1824,1854
151,1415,1419,1421,1643,1647
149,520,521,523,1422,1645
524,525,1002,1413,1418
150,526,1001,1004,1005,1413
513,517,533,1008,1642,1795
23,525,526,1002,1793
150,152,1002,1413,1837
150,152,526,1425,1793
149,523,530,1422
533,534,993,1003,1009,1642
533,534,537,1008,1427,1796
25,1011,1017,1424,1433,1644
558,1010,1017,1440,1644,1744
155,531,535,1018,1020,1423
518,817,821,994,1428
1015,1412,1441,1743,1794,1847
164,167,1014,1441,1450,1794
157,538,545,546,1430,1837
25,1010,1011,1034,1433,1440
155,1012,1019,1020,1021
155,535,542,1018,1021,1822
531,550,1012,1018,1022,1748
168,547,1018,1019,1748
531,550,1020,1029,1825,1848
548,549,1024,1035,1432
163,551,556,1023,1035
159,1026,1033
1025,1031,1824
160,162,1028,1032,1435
554,1027,1029,1435,1848
27,1022,1028,1825,1848
163,551,555,1429,1652
557,1026,1033,1747
554,560,1027,1438,1825
557,559,1025,1031,1439,1799
166,1017,1433,1440,1796
556,1023,1024,1432,1797
164,167,170,1441,1459
565,1442,1446,1453,1654,1799
169,563,1039,1431,1448,1480
563,579,1038,1050,1431,1434
171,562,571,1662,1838
589,821,1044,1056,1315,1428
176,583,1053,1655,1660,1797
178,1045,1055,1453,1751,1799
539,1041,1056,1428,1456,1752
178,569,576,1043,1049,1751
595,1047,1445,1450,1794,1802
170,1046,1450,1459,1755,1802
30,575,1457,1477,1661,1798
182,1045,1458,1464,1751
181,579,581,582,1039,1434
180,1469,1475,1476,1653,1749
1058,1459,1460,1479,1668,1755
602,1042,1473,1658,1660,1797
1067,1452,1470,1471,1656,1748
587,1043,1064,1466,1751,1799
589,593,1041,1044,1752
188,585,1060,1463,1657,1800
596,1052,1061,1460,1461,1479
187,592,593,597,1066,1468
188,585,599,1057,1472
192,596,1058,1481,1664
185,601,1465,1663,1849,1855
31,594,1065,1068,1660,1849
605,1055,1072,1466,1750,1799
31,602,604,1063,1660
597,1059,1468,1582
189,191,1054,1470,1471,1667
31,604,1063,1478,1849
1095,1469,1477,1661,1672,1679
199,605,611,1488,1670,1750
195,608,1076,1662,1665,1801
605,611,1064,1074,1466,1484
609,617,1479,1481,1493
194,612,1072,1485
1079,1467,1485,1486,1665
195,608,613,1071,1081
635,1078,1483,1491,1673
193,627,629,1077,1673,1800
619,626,1075,1090
613,619,620,1085,1486,1494
195,620,1076,1494,1500,1801
623,624,1668,1758,1803
198,1087,1088,1473,1658,1675
198,222,1488,1658,1675,1677
619,626,1080,1100,1494
201,621,1316
628,1083,1088,1473,1478
202,1083,1087,1497,1513,1675
618,634,1484,1505,1670,1754
203,626,1079,1099
201,208,632,1317
205,615,630,1094,1503,1669
211,636,637,1094,1669,1753
637,1092,1093,1107,1503,1669
1069,1469,1476,1504,1679,1760
212,1102,1495,1515,1667,1680
209,1118,1521,1676,1686,1757
199,639,641,1488,1670,1677
626,642,1090,1100,1839
214,1085,1099,1506
636,658,1116,1511,1674,1753
1096,1165,1495,1515,1525,1672
629,1110,1144,1517,1673,1674
652,653,1512,1678,1802
216,217,218,644,1759,1804
225,226,648,657,1509,1849
637,1094,1503,1511,1514
656,661,1682,1758,1803
649,1505,1683,1705,1839,1850
643,650,1103,1144,1519,1673
652,653,660,1112,1121
653,1111,1113,1122
1112,1114,1123,1512
654,655,1113,1124
222,229,662,678,1675,1677
658,669,1101,1117,1674
658,659,669,1116,1514,1764
32,667,1097,1686,1757
660,675,1120,1128
660,1119,1121,1129
1111,1120,1122,1130
1112,1121,1123,1131
1113,1122,1124,1132
676,677,1114,1123
226,657,1509,1761,1763,1827
666,673,674,1826
1134,1166,1678,1681
675,1119,1129,1135
1120,1128,1130,1136
1121,1129,1131,1137
1122,1130,1132,1138
676,1123,1131,1139
668,686,1143,1154,1682
675,680,1127,1166,1167
680,684,1128,1136
1129,1135,1137,1146
1130,1136,1138,1147
1131,1137,1139,1148
1132,1138,1140,1149
676,1139,1141,1150
677,681,1140,1151
681,1143,1153,1682,1762
685,686,1133,1142,1682
1103,1110,1239,1517,1519,1520
230,231,232,1517,1524
684,1136,1147,1156
1137,1146,1148,1157
1138,1147,1149,1158
1139,1148,1150,1159
1140,1149,1151,1160
1141,1150,1152,1161
681,1151,1153,1162
685,1142,1152,1163
686,687,1133,1178,1522
684,1156,1168,1169,1684
1146,1155,1157,1170
1147,1156,1158,1171
1148,1157,1159,1172
1149,1158,1160,1173
1150,1159,1161,1174
1151,1160,1162,1175
1152,1161,1163,1176
1153,1162,1164,1177
685,686,1163,1178
234,689,1102,1180,1515,1525
692,1127,1134,1167,1526,1681
1134,1166,1181
693,697,1155,1169,1684
1155,1168,1170,1687
698,1156,1169,1171
699,1157,1170,1172
1158,1171,1173,1182
1159,1172,1174,1183
1160,1173,1175,1184
1161,1174,1176,1185
1162,1175,1177,1186
700,1163,1176,1178
700,1154,1164,1177,1522,1805
665,670,701,1504,1529,1765
234,689,702,1165,1194,1530
696,1167,1526,1531,1689
699,1172,1183,1188
1173,1182,1184,1189
1174,1183,1185,1190
1175,1184,1186,1191
700,1176,1185,1192
698,699,1188,1195
1182,1187,1189,1196
1183,1188,1190,1197
1184,1189,1191,1198
1185,1190,1192,1199
700,710,1186,1191,1199
707,1516,1529,1533,1764
702,728,1180,1246,1530,1826
1187,1196,1201,1532,1687
1188,1195,1197,1202
1189,1196,1198,1203
709,1190,1197,1199
710,1191,1192,1198,1204
703,707,708,1206
711,1195,1202,1208
1196,1201,1203,1209
709,1197,1202,1209,1537
709,710,712,1199,1214
707,1206,1210,1533
235,1200,1205,1207
235,708,1206,1211,1765,1831
711,715,1201,1209
1202,1203,1208,1213,1537
235,1205,1259,1533,1831
1207,1240,1765,1831
711,714,715,1217
715,1209,1219,1537,1828
237,712,1204,1537,1538,1828
238,713,1216,1221,1235,1534
239,240,713,1215,1221
715,717,1212,1219
717,1219,1222,1223
718,1213,1217,1218
233,244,1227,1528,1538,1805
240,1215,1216,1235,1543,1766
719,1218,1223,1536,1539,1689
718,1218,1222,1225
241,242,1228,1540,1804,1827
719,720,1223,1226
243,718,721,1225
244,1220,1538,1691,1806,1830
242,1224,1523,1804,1806,1829
1233,1239,1520,1524,1533,1764
243,720,724,1231
721,723,1230,1234
245,246,722,1540,1692
1229,1239,1259,1533,1556,1769
247,723,724,1231,1237,1238
238,1215,1221,1243,1543,1690
245,246,1242,1541,1547,1692
247,725,1234,1238,1768,1841
723,1234,1237,1241,1691
1144,1229,1233,1519,1520,1769
33,727,1211,1243,1690,1831
725,726,1238,1807
248,1236,1546,1547,1692
727,738,1235,1240,1543,1690
728,1247,1249,1527,1826
731,732,735,1248,1252,1829
728,733,1194,1530,1693,1766
250,1244,1249,1250,1527,1767
252,731,735,1245,1544
733,1244,1247,1250,1693,1851
250,1247,1249,1251,1550,1851
250,253,1250,1550,1767,1841
732,735,1245,1256,1257,1699
736,1260,1546,1700
1258,1700,1763,1840
739,743,746,1698,1806,1830
730,732,737,740,1252,1699
252,735,1252,1267,1699,1808
36,1254,1549,1700,1832,1840
1210,1233,1276,1533,1556,1831
736,1253,1265,1545,1700,1808
255,739,746,747,1266,1548
737,745,1552,1694
256,741,742,1697
744,747,1266,1551,1555
749,1260,1268,1700
746,747,1261,1264,1555,1698
751,1257,1699,1808,1842
753,1265,1270,1700,1701,1809
755,756,757,758,1551
37,1268,1549,1557,1700,1701
262,266,1559,1702,1832
264,267,1560,1704,1832,1840
260,768,1556,1565,1566,1703
261,760,762,1280,1701,1852
259,1277,1553,1554,1562,1697
276,1259,1556,1566,1776,1831
764,1275,1554,1570
270,271,1319,1705,1770
1281,1282,1284,1708,1773,1850
280,1274,1285,1701,1809,1852
40,774,1279,1284,1843,1850
286,1279,1292,1708,1773,1811
775,776,1286,1289,1561,1567
40,285,1279,1281,1773
280,773,1280,1571,1782,1852
776,782,1283,1289,1575,1781
275,775,779,1289,1706,1771
773,778,1571,1809,1842
775,779,782,1283,1286,1287
288,777,1572,1810
287,778,783,784,1571,1707
286,289,780,1282,1294,1811
289,291,780,1294,1574,1773
289,291,1292,1293,1295,1811
291,292,293,1294,1574,1811
290,294,1572,1774,1845,1851
292,293,786,1574,1775,1811
788,790,799,1573,1575,1579
42,1303,1710,1713,1714,1776
789,792,793,795
43,300,1576,1778,1782,1813
788,791,799,800,1713,1777
42,301,1299,1307,1710
795,796,801,1305
797,802,1304,1578,1778
297,302,827,1586,1775,1779
304,1303,1584,1695,1710
302,798,827,1321,1779
307,806,808,810,829,1813
7,897,1340,1581,1844
87,88,813,1609,1833
112,437,931,1313
143,815,931,1312,1415
480,814,816,991,1410
186,589,821,1041,1468
621,1086,1317,1482,1582
201,1091,1316,1318
208,1317,1502,1542
274,1278,1320,1705,1715
274,771,772,1319,1569
44,303,798,1308,1814
48,49,314,315,317,826
52,310,319,831,1324,1716
52,319,327,843,1323,1326,1718
309,313,839,840,847,1588
319,327,328,329,841,1324,1328
57,320,324,325,332,1783,1816
58,329,342,841,1326,1329,1817
4,55,342,841,1328,1595
60,335,338,837,849,1815
53,340,845,852,853,1592,1717
334,844,856,857,1334,1783,1856
336,341,344,836,848,1598,1719
59,64,844,856,1332,1720,1816
66,67,857,1339,1596
68,69,365,1341,1601,1722,1786
62,69,365,850,1596,1602,1786
355,356,357,366,861,1342,1599
72,368,857,872,1335,1596,1602
7,363,884,897,1310,1785,1844
365,391,1336,1344,1601,1602,1726
73,366,861,869,1338,1601,1722
361,367,865,1350,1351,1606,1608
74,372,1341,1601
74,75,369,371,871,873
9,77,874,1348,1603,1853
9,77,1348,1604,1605,1787
9,11,880,1346,1347,1603,1605
83,881,882,883,1603,1607,1818
85,385,386,887,1343,1351,1606
86,387,1343,1350,1608,1609
92,391,410,413,1726,1731,1834
89,390,889,891,892,1354,1727
390,887,1353,1358,1606,1725,1727
396,401,896,903,1360
90,398,400,893,1357,1610
90,402,403,904,1356,1612
14,407,1354,1362,1363,1725,1727
91,406,903,1360,1361
93,903,1355,1359,1361,1362,1727
93,906,907,1359,1360,1728
14,93,1358,1360,1727,1728
96,407,908,1358,1725,1833
94,412,907,1367,1835
97,104,1375,1618,1724,1729,1856
98,99,412,414,415,909,1846
98,100,412,414,1364,1835
99,100,414,417,909,1733
101,415,417,909,1370,1613,1615
927,1369,1387,1613,1615,1730,1734
15,102,419,912,1373,1615
418,434,911,913,917,1620,1789
419,421,426,1371,1384,1615,1734
106,422,425,435,913,917,924
104,428,910,915,1365,1617
114,420,1611,1616,1618,1625,1626
108,109,918,1614,1623,1732
426,920,928,933,1382,1384,1789
107,455,914,1389,1393,1624,1790
432,439,442,915,1618,1626,1791
18,111,921,922,934,1847
113,928,930,1378,1383,1635
445,920,963,1382,1635,1737,1742
426,933,1373,1378,1385,1627,1734
117,118,452,453,1384,1627,1734
116,448,478,479,1388,1737
120,927,934,944,1370,1394,1734
116,479,931,1386,1415,1643,1736
115,914,932,1379,1633,1790,1819
123,442,460,1393,1624,1628,1791
117,118,119,452,960,1738
128,454,458,930,938,1635,1740
455,941,1379,1390,1624,1628
120,144,934,1387,1743,1821,1847
121,458,954,1399,1629,1740
470,474,481,1634
124,471,953,958,1400,1738,1741
460,468,957,1404,1628,1637,1638
125,484,954,962,1395,1740
485,491,958,961,972,1397,1741
483,488,490,966,1640
492,493,495,978,979,1403
130,131,495,499,1402,1741
496,498,957,1398,1638,1644,1744
135,494,981,982,988,1407,1739
136,500,502,951,981,1792,1820
135,507,988,992,1405,1792,1822
133,139,513,517,986,1745,1819
132,497,984,1651,1744,1791,1820
139,480,514,986,991,1314,1745
134,140,500,502,985,987,1414
510,511,989,1014,1641,1794,1847
506,1001,1002,1005,1418,1742,1837
140,141,985,1411,1420
143,931,999,1313,1388,1643
145,508,521,990,1636,1645,1821
147,148,522,998,1418,1742,1824
148,524,1001,1413,1417,1742,1746
143,527,815,818,999,1647
22,141,1414,1423,1792,1822,1848
151,999,1430,1437,1647,1648,1837
149,520,529,1000,1007,1821,1823
531,535,1012,1420,1822
154,534,993,1010,1433,1644
152,538,1006,1443,1793,1837,1838
528,536,540,820,1431,1434,1647
172,533,564,1009,1795,1796
539,821,994,1013,1041,1044,1745
543,549,551,996,1030,1652,1823
26,1016,1421,1436,1437,1837
540,1038,1039,1426,1434,1448,1648
541,544,548,1023,1035,1649
25,154,1010,1017,1034,1424,1796
582,820,1039,1050,1426,1431
160,552,984,1027,1028,1651,1848
26,545,546,553,1430,1437,1838
161,553,1421,1430,1436,1448,1648
162,552,560,1032,1449,1651
158,1033,1650,1750,1799,1824
166,558,578,1011,1017,1034,1653
164,1014,1015,1036,1459,1460,1743
28,165,559,1037,1799
561,562,1425,1446,1747,1793,1838
173,558,1449,1455,1651,1653,1744
168,547,595,1046,1471,1748,1794
28,1037,1443,1654,1747
161,169,553,1448,1480,1487,1838
169,1038,1431,1437,1447,1648
173,560,567,1438,1444,1651,1798
167,170,1015,1046,1047,1794
175,177,568,1457,1656,1825
29,550,568,1054,1656,1748,1825
178,565,569,570,1037,1043
172,566,573
173,567,575,1444,1469,1477,1653
539,572,577,580,1044,1752,1795
174,177,1048,1451,1656,1661,1798
565,571,1049,1464,1654
170,1036,1047,1052,1441,1460,1755
1052,1058,1441,1459,1461,1655,1743
590,596,1058,1460,1462,1655,1663
184,583,584,1461,1465,1655,1663
574,585,586,1057,1657,1749,1796
182,571,588,1049,1458,1662,1665
184,185,584,594,1062,1462,1849
591,1055,1064,1072,1485
183,588,591,1075,1665,1751
186,589,592,1059,1066,1315,1582
1051,1069,1095,1455,1476,1477,1653
189,1054,1067,1495,1656,1661,1672
595,1054,1067,1445,1496,1667,1748
585,586,599,607,1060,1475
602,604,1053,1083,1087,1478,1658
597,606,610,1490,1666,1752
586,615,1051,1472,1476,1669,1749
615,630,1051,1095,1469,1475,1760
30,575,1048,1069,1455,1469,1661
604,628,631,1068,1087,1473,1849
192,609,1052,1058,1073,1668
169,200,563,1038,1447,1487,1489
192,1061,1073,1493,1664
196,606,621,1316,1490,1756
193,1077,1491,1657,1659,1666,1800
194,611,618,1072,1089,1670
591,612,1074,1075,1466,1754
608,613,619,1075,1080,1665
200,1447,1480,1501,1662,1801,1838
199,1070,1084,1098,1658,1677,1750
200,563,579,581,1480,1501,1671
197,606,610,1474,1482,1507,1756
614,635,1077,1483,1507,1508,1666
201,204,622,632,1756
207,617,625,1073,1481,1499,1758
214,620,1080,1081,1085,1500
189,191,1096,1102,1470,1667,1672
209,595,1471,1667,1676,1757,1802
202,628,631,638,640,1088,1513
206,210,1755,1802,1803
207,227,682,683,1493,1758,1759
214,651,688,1081,1494,1801
200,1487,1489,1583,1671,1708,1801
204,208,632,1318,1510,1542,1756
205,663,1092,1094,1107,1514,1760
665,1095,1179,1534,1679,1760,1765
639,649,1089,1109,1670
214,223,224,642,651,1100
197,614,1490,1491,1508,1510,1756
215,635,643,650,1491,1507
226,638,640,1106,1125,1763,1849
650,1502,1507,1519,1542,1756
211,636,637,658,659,1101,1107
653,654,1104,1113
640,662,1088,1497,1675,1763,1840
659,663,1107,1117,1503,1516,1764
672,689,690,1096,1102,1165,1680
663,670,1193,1514,1529,1764
230,1103,1144,1145,1518,1520
231,679,1517
650,1110,1144,1239,1510,1542,1769
230,232,1144,1229,1239,1517,1524
691,694,1097,1676,1686
233,687,1154,1178,1685,1805
683,1228,1528,1804,1806
231,232,679,1145,1229,1520,1764
234,671,705,1102,1165,1530,1672
236,692,1166,1181,1688,1689
706,1244,1247,1686,1767
233,244,1220,1523,1806
670,703,707,1179,1193,1516
234,705,1180,1194,1246,1525,1766
696,697,1181,1532,1536,1689
711,714,1195,1531,1687
1193,1205,1210,1229,1233,1259,1764
238,713,1215,1504,1679,1690,1765
239,671,705,713,1679,1766
714,717,1222,1531,1689
709,1203,1209,1213,1214,1828
237,1214,1220,1227,1691,1828
716,719,1222,1689,1767,1768,1841
241,242,722,1224,1232,1692,1829
245,722,1236,1547,1763,1827
822,1318,1502,1510,1519,1769
738,1221,1235,1243,1693,1695,1766
248,731,1248,1545,1692,1808
35,248,736,1260,1544,1808
35,248,1242,1253,1547
1236,1242,1541,1546,1763
255,739,744,1261,1694,1806,1829
36,1258,1270,1557,1700,1702,1832
257,1250,1251,1554,1696,1851
756,1264,1269,1552,1555,1694
258,745,754,755,1262,1551
254,259,742,743,1275,1697,1698
257,1275,1277,1550,1570,1697,1851
756,1264,1266,1551,1558,1562,1698
260,1233,1259,1273,1276,1566,1769
37,261,760,1270,1549,1702
756,759,764,1555,1562,1707
262,266,1271,1560,1563,1852
263,264,267,761,1272,1559,1563
776,822,823,1283,1567,1769
259,764,1275,1555,1558,1698
267,268,1559,1560,1564,1704,1852
268,269,765,766,1563,1715,1852
272,273,768,770,1273
770,1273,1276,1556,1776,1777
275,775,1283,1561
277,278,279,772,1772,1850
277,772,1320,1586,1709
39,777,1277,1554,1851
287,773,784,1285,1288,1291,1782
290,294,781,1290,1296,1711,1810
779,782,788,1298,1575,1771,1777
291,293,1293,1295,1297,1773,1775
295,782,790,1286,1298,1573,1781
785,1301,1578,1711,1778,1782,1810
298,824,1583,1779,1814
794,797,1305,1576,1711,1712,1778
305,790,799,1298,1585,1780
803,805,806,807,808,1812
13,897,1310,1729,1735
186,1066,1316,1468
45,824,1501,1577,1671,1708
304,1307,1585,1695,1714,1845
305,1579,1584,1713,1714,1780
827,1306,1569,1709,1775,1843
46,47,51,316,321,833,1717
1,2,832,839,1325,1590
65,309,313,314,334,1721,1783
2,54,812,834,839,1588,1844
47,316,318,322,826,1784,1815
3,53,318,322,323,1331,1717
50,343,349,830,859,1595
61,842,843,848,1598,1600,1817,1853
4,50,330,342,343,1329,1593,1716
67,846,850,1335,1337,1339,1602,1720
351,352,855,863,1599,1722
6,350,848,1333,1594,1600,1719
352,357,366,863,870,1338,1597,1723
6,353,370,864,1594,1598,1787,1853
73,74,871,1336,1341,1342,1344,1722
365,391,872,1337,1339,1341,1596,1834
11,881,1346,1348,1349,1607,1853
81,375,379,1347,1605,1787,1818,1846
79,376,378,379,880,1347,1348,1604
84,367,390,886,887,1343,1350,1354
12,382,883,889,891,1349,1603,1853
87,88,813,859,865,1343,1351,1609
86,87,389,1311,1351,1608,1725,1833
89,392,400,883,891,892,893,1356
394,397,408,1376,1616,1618,1856
403,405,904,906,1357
92,410,415,1369,1370,1726,1730,1846
95,409,1377,1616,1623,1731,1732,1836
15,101,1369,1370,1371,1373,1734
95,408,420,424,1376,1611,1614,1836
428,430,440,910,914,919,932,1375
104,915,1365,1376,1380,1611,1626,1856
423,425,427,437,438,924,926,1736
431,917,923,929,1372,1737
17,109,433,443,1622,1847
105,110,429,433,436,918,1621,1847
443,444,451,1377,1614,1836
107,430,439,442,919,1379,1390,1393
16,114,420,424,936,945,1376,1836
114,951,1376,1380,1618,1791,1820
119,453,935,1384,1385,1738
460,465,468,1390,1393,1398
121,454,458,471,935,1395,1738
122,455,459,463,475,956,1790
467,468,472,950,956,967,1637
469,473,476,481,946,947,968,1739
19,126,959,965,980,1389,1790,1819
129,481,937,939,968,982,983,1396
128,930,971,1382,1383,1392,1742,1854
508,944,960,1416,1639,1738,1741,1821
20,468,489,967,1398,1631,1638
20,512,977,1398,1404,1637,1640,1644
130,131,499,501,503,508,1636,1741
490,512,966,977,980,1401,1638,1642
444,451,505,937,983,1412,1847
512,513,980,993,1003,1008,1640,1819
151,479,482,964,999,1388,1415,1837
512,993,1010,1011,1404,1424,1638,1744
521,523,990,995,997,1000,1416,1646
523,530,997,1645,1649,1650,1824
527,528,536,999,1419,1421,1426,1648
24,536,1421,1431,1437,1448,1647
153,156,530,532,541,1432,1646,1650
1439,1646,1649,1750,1824
552,984,1409,1435,1438,1444,1449,1744
176,555,996,1030,1429,1655,1743,1797
180,558,578,1051,1440,1444,1455,1469
171,561,565,571,1037,1446,1458
176,583,1042,1460,1461,1462,1652,1743
29,568,1054,1451,1452,1457,1470,1661
574,1057,1463,1483,1659,1800
198,1053,1083,1084,1473,1488,1750,1797
179,566,577,580,1483,1657,1666
583,584,594,602,1042,1053,1063,1065
30,1048,1069,1457,1470,1477,1656,1672
571,1040,1071,1464,1487,1665,1801,1838
184,185,590,601,1062,1461,1462
190,596,1061,1481,1855
588,608,1071,1075,1464,1467,1486,1662
580,610,614,1474,1483,1491,1659,1752
191,212,1067,1096,1471,1495,1496,1757
609,616,623,624,1052,1082,1479,1755
615,1092,1093,1094,1475,1753
199,611,639,1070,1089,1098,1484,1505
45,181,581,582,1489,1501,1583
671,1069,1102,1470,1495,1525,1661,1679
215,629,635,643,1077,1078,1103,1110
627,629,1101,1103,1116,1753
198,222,662,1083,1084,1088,1115,1513
209,213,691,1097,1496,1521,1681,1802
222,641,678,1084,1098,1115,1488,1683
213,652,660,1104,1127,1681,1802
671,713,1069,1095,1504,1534,1535,1672
212,228,666,672,673,1096,1515,1757
213,691,692,695,1127,1166,1676,1678
656,1108,1133,1142,1143,1762
641,649,678,1109,1677,1705,1770,1840
680,684,693,1155,1168
661,668,682,687,1522,1758
32,674,1097,1118,1521,1527
697,698,1169,1195,1532
236,692,694,695,706,716,1526,1767
236,716,1181,1222,1526,1531,1536,1539
33,238,1235,1240,1243,1534
726,1227,1238,1538,1828,1830
246,731,1232,1236,1242,1540,1544,1829
1246,1249,1543,1695,1766,1845,1851
730,737,744,1262,1548,1551,1829
738,750,1307,1543,1584,1693,1710,1845
256,257,734,741,1550,1697
256,257,742,1263,1275,1553,1554,1696
259,743,746,1255,1266,1553,1555,1562
740,754,1252,1256,1257,1267,1842
1253,1254,1258,1260,1265,1268,1270,1549
37,261,1268,1270,1274,1280,1809
265,760,763,1271,1549,1557,1832
38,260,768,1273,1706,1769
267,268,269,765,1272,1563,1770,1840
274,771,1109,1278,1319,1683,1770,1850
38,275,768,769,1287,1703,1771
759,764,778,783,1291,1558,1810,1842
1279,1282,1501,1583,1801,1850
277,278,279,281,1569,1586,1772,1843
276,750,1299,1303,1307,1695,1776,1831
294,296,1572,1576,1578,1712,1774,1810
296,789,793,794,1578,1711
305,791,800,1299,1302,1585,1714,1776
42,301,304,1299,1584,1585,1713
271,766,767,1319,1564,1852
50,55,310,319,330,841,1323,1595
316,318,321,336,340,836,1331,1587,1592
61,321,831,833,836,843,848,1324
344,350,854,855,1333,1598
64,66,67,339,846,1334,1596,1816
65,313,346,840,858,866,1589,1724,1856
68,348,855,860,861,1336,1342,1597,1601
75,76,371,373,863,870,873,1599,1788
364,383,866,868,884,1365,1721,1729,1856
388,389,887,888,1354,1358,1363,1609,1833
92,372,391,879,1341,1352,1613,1846
393,396,892,1353,1354,1358,1360,1362
93,96,411,907,1361,1362,1835
13,97,383,910,1365,1581,1724,1735
410,413,916,922,925,927,1370,1613,1732
395,397,409,413,890,1352,1614,1732,1834
105,413,429,916,918,1377,1614,1730,1731
15,100,101,102,417,1368,1835
452,944,960,1370,1373,1384,1385,1387,1615
440,441,814,910,955,1581,1729,1819
112,116,438,446,449,926,931,1388,1619
445,448,477,478,929,963,1383,1386,1620
119,471,960,1391,1397,1627,1629,1636,1741
494,936,945,946,951,968,981,1405,1632
128,458,487,962,971,1392,1395,1399
130,491,495,1397,1400,1403,1636,1639,1738
506,963,998,1383,1413,1417,1418,1635,1854
144,996,1014,1394,1441,1460,1652,1655,1847
132,498,558,1011,1404,1409,1444,1644,1651
139,514,517,539,994,1408,1410,1428,1795
147,148,522,524,1418,1747,1793
28,165,557,1031,1443,1446,1746,1793
168,550,1020,1021,1054,1445,1452,1471
166,180,578,586,1051,1463,1475,1796
605,1064,1070,1439,1488,1650,1658,1799
182,183,587,588,1043,1045,1049,1055,1467
187,580,593,597,1044,1056,1456,1474,1666
627,636,1093,1101,1669,1674,1800
203,612,618,634,1089,1485
206,623,633,1047,1052,1459,1498,1668,1802
196,204,622,1482,1490,1492,1502,1507,1510
209,212,666,667,1097,1118,1496,1667,1680
624,625,661,682,1082,1108,1493,1499,1685
207,216,227,1105,1499,1804
205,630,663,664,665,1095,1476,1503,1504
220,221,225,646,647,648,657,1125,1827
655,656,677,681,1142,1682
640,1125,1254,1509,1513,1541,1547,1827,1840
669,679,1117,1193,1229,1514,1516,1524,1533
701,704,708,1179,1207,1211,1504,1534
239,240,705,1221,1246,1530,1535,1543,1693
250,706,716,1247,1251,1527,1539,1688,1841
247,719,720,724,1237,1539
260,822,1233,1239,1519,1542,1556,1561,1703
270,765,766,767,1278,1683,1704,1705,1840
272,273,769,770,779,1287,1573,1706,1777
279,281,282,283,284,774,1568,1709,1850
285,286,780,1279,1282,1284,1293,1574,1775
294,296,299,787,792,1296,1711,1812,1845
285,297,786,1297,1306,1574,1586,1773,1843
41,276,791,1276,1299,1566,1710,1713,1777
41,770,788,791,1302,1566,1573,1771,1776
300,802,804,805,1301,1305,1576,1578
297,302,786,798,1306,1308,1577,1811,1814
295,306,311,790,809,1579,1585,1781
295,776,809,811,823,1286,1575,1780
784,785,1285,1301,1571,1576,1813,1852
314,315,320,332,334,835,844,1327,1332,1589
62,322,323,838,845,849,1591,1786,1815
5,346,359,362,363,851,858,1340,1844
62,68,69,345,348,845,852,1336,1337,1784
8,77,370,375,864,874,1347,1600,1604,1788
76,80,358,375,863,864,879,1723,1787,1846
103,418,421,426,434,912,920,1372,1378,1835
127,455,483,959,1379,1389,1630,1633
123,442,496,497,957,1380,1390,1409,1626,1820
135,136,141,509,981,987,1406,1407,1420,1822
23,524,525,526,1004,1006,1425,1443,1746,1747
511,542,547,1014,1015,1046,1412,1445,1450,1822
517,533,539,572,1003,1427,1456,1745
154,537,564,574,1009,1034,1427,1433,1463,1749
176,555,556,1035,1042,1053,1652,1658
174,175,560,567,575,1048,1449,1457
559,1033,1037,1043,1055,1064,1439,1442,1750
188,193,598,627,1057,1078,1483,1657,1753
195,688,1071,1081,1487,1500,1501,1662,1708,1850
213,595,1046,1047,1104,1496,1498,1676,1678,1755
210,623,633,654,655,656,1082,1108,1498
227,644,683,1105,1224,1228,1523,1759,1827
233,237,700,710,712,1178,1220,1522
244,739,1227,1228,1255,1523,1528,1548,1829,1830
34,249,251,729,734,1241,1830
252,748,749,1257,1260,1267,1544,1545
280,751,752,753,773,1268,1280,1288,1701,1842
764,783,785,1290,1572,1576,1707,1711
292,786,1282,1292,1294,1295,1297,1779
792,795,801,803,807,1580,1774,1845
43,300,805,806,829,1301,1309,1782
44,298,303,308,798,1321,1577,1779
49,317,320,324,826,835,837,849,1330,1591,1784
57,59,325,326,333,339,1327,1334,1720
58,331,342,343,349,361,842,865,1328,1594,1853
83,379,380,400,402,883,904,905,1349,1604,1846
115,133,441,513,955,980,1389,1408,1633,1642,1735
134,137,138,500,951,984,985,1406,1409,1626,1791
120,144,145,520,944,996,1394,1416,1422,1636,1823
142,511,535,542,992,1019,1407,1420,1423,1792,1794
153,529,532,543,544,996,1422,1429,1821
146,158,159,997,998,1026,1417,1439,1646,1650
27,550,554,560,568,1022,1029,1032,1451,1452
228,672,673,690,702,728,1126,1194,1244
219,241,645,646,722,1125,1224,1541,1761,1763,1804
718,721,723,1213,1214,1537,1538,1691
242,730,731,732,1228,1245,1540,1548,1692,1694,1806
34,254,726,742,743,1227,1255,1691,1806,1807
235,276,727,750,1207,1210,1211,1240,1259,1276,1710
36,262,263,264,761,1258,1271,1272,1549,1702,1840
422,423,427,908,911,913,1311,1363,1609,1725
10,82,377,381,391,872,876,878,890,1352,1602,1731
100,102,411,416,418,907,912,1364,1367,1728,1733,1789
424,451,456,457,936,937,939,940,1614,1616,1623,1625
151,152,506,538,964,1005,1016,1413,1421,1425,1430,1643
157,538,545,553,562,1040,1425,1436,1443,1447,1487,1662
223,224,642,651,688,1099,1109,1850
229,662,678,1254,1258,1272,1513,1683,1704,1763,1770,1832
249,251,253,725,729,734,1237,1251,1539,1767
258,751,754,755,758,759,778,1267,1288,1699,1707,1809
40,281,282,283,284,285,774,1281,1586,1709,1775
5,7,54,56,63,847,851,1310,1340,1590,1785
307,807,810,829,1296,1584,1693,1695,1774,1812,1851
80,81,415,879,905,1366,1604,1613,1726,1788,1818
110,443,444,921,934,1014,1381,1394,1412,1621,1622,1641,1743
22,137,138,984,1022,1028,1029,1420,1435
594,631,638,647,648,1062,1063,1068,1106,1465,1478,1509,1855
688,771,774,1109,1279,1281,1568,1705,1708,1772,1801,1839
39,288,290,777,781,1249,1250,1296,1550,1554,1570,1693,1845
265,266,762,763,1274,1280,1285,1559,1563,1564,1715,1782
12,84,361,367,370,382,874,886,1346,1594,1600,1603,1607,1817
21,499,501,504,519,971,979,995,998,1635,1742
190,216,217,218,219,220,221,601,644,645,646,647,1062,1664,1849
65,72,78,334,368,384,394,857,875,877,885,1332,1365,1611,1618,1721,1724
